Timestamp,Date,Paddy Unload (KG/Day),Paddy Chalai (KG/Day),Chalai Time,Paddy Milling Time,Rice Load (KG/Day),Water Consumption,Steam Production (KG/Day),Electric Consumption (Meter reading),Solar Unit Consumption,DG Electrical Consumption,Chite (KG/Day),Mota Kuro (KG/Day),Mota Bran(KG/Day),Broken (For Mota Kuro - KG/Day),Husk Production (Per Day/Kg) #1,Husk Production (Per day/Kg) #2,Husk Production (Perday/Kg) #3,Husk Production (Per Day/Kg) #4,Bran Production (Per Bag/Kg) #1,Bran Production ( Per Bag /Kg) #2,Bran Production ( Per Bag /Kg) #3,Bran Production ( Per Bag /Kg) #4,Bran Production ( Per Bag /Kg) #5,Bran Production ( Per Bag /Kg) #6,Broken Production ( Per Bag /Kg) #1,Broken Production ( Per Bag /Kg) #2,Broken Production ( Per Bag /Kg) #3,Broken Production ( Per Bag /Kg) #4,Broken Production ( Per Bag /Kg) #5,Broken Production ( Per Bag Kg) #6,Broken Production ( Per Bag /Kg) #7,Broken Production ( Per Bag /Kg) #8,Broken Production ( Per Bag /Kg) #9,Broken Production ( Per Bag /Kg) #10,Broken Production ( Per Bag /Kg) #11,Broken Production ( Per Bag /Kg) #12,Store Issue Expense Value,Rubber Rolls Used (PC),Break Used (PC),Panu Labour,Rang Mistry,Salam Labour,Civil Work,Dadun Labour,Raja Labour,Prasanta Labour,Daily Labour,Sunil Labour,Remarks,Kajal Jharai Labour,Captain Jharai Labour,Kajal Rice Labour,Laltu Paddy Unloading Labour,Others Contractor Labour
5/8/2024 10:34,5/8/2024,195600,197160,16:30:00,21.59,95,198000,6833,16430,5048,18,10048,4306,2500,450,33016,0,0,0,20441,0,0,0,0,0,3791,0,0,0,0,0,0,0,0,0,0,0,5412.87,0,4,6,0,4,0,11,8,2,5,1,"Some few water problem, production is verry slow..",,,,,
6/8/2024 11:47,5/8/2024,146940,191880,17:25:00,19.43,106,206000,336,14670,5617,25,10454,4480,Not packing,0,34350,0,0,0,17739,0,0,0,0,0,1.511,2.975,0,0,0,0,0,0,0,0,0,0,6444,1,12,6,0,4,0,12,6,3,5,1,"Some rain water problem, production are not be full fil...",,,,,
7/8/2024 10:35,6/8/2024,168.36,172.26,11:55:00,14.35,124,7410,413,16587,2560,0,8.323,3.567,5.9,1.1,27.347,0,0,0,5.656,0,0,0,0,0,1.436,0,0,0,0,0,0,0,0,0,0,0,50663,0,16,6,0,3,0,12,10,3,4,1,Labour problem,,,,,
8/8/2024 10:24,7/8/2024,148.32,148.02,12:30:00,19.25,144,13.41,371,16648,5115,0.2,8.323,3.567,5.9,1.2,27.347,0,0,0,17.45,0,0,0,0,0,1.45,0,0,0,0,0,0,0,0,0,0,0,15433,3,8,6,0,5,0,11,9,3,5,1,Rain Water problem,,,,,
9/8/2024 9:37,8/8/2024,155.85,140.15,14:45:00,11,146,10.75,596,15939,6157,0,8.323,3.567,2.15,0.6,27.347,0,0,0,5.681,0,0,0,0,0,1.45,0,0,0,0,0,0,0,0,0,0,0,12353,0,10,6,0,4,0,10,8,3,5,1,Labour problem,,,,,
10/8/2024 10:10,9/8/2024,188.22,174,11:45:00,23.05,136,14.91,605,20503,5782,0.02,10.454,4.48,3.1,0.7,34.35,0,0,0,5.641,0,0,0,0,0,1.465,0,0,0,0,0,0,0,0,0,0,0,1650,0,6,6,0,4,0,10,9,3,5,1,Labour problem,,,,,
11/8/2024 10:26,11/8/2024,164580,130920,10:05:00,10:39:00,94000,166000,332,3.79,4631,16,8424,3610,2900,0,27680,0,0,0,9900,0,0,0,0,0,1.542,0,0,0,0,0,0,0,0,0,0,0,169795,1,10,4,0,4,0,10,9,3,3,1,Store issu high because rice convear rubber belt change....,0,7,17,10,0
12/8/2024 11:46,11/8/2024,162.18,213.72,12:45:00,22:11:00,72,15.27,371,19555,4410,7,10.353,4.437,3.1,0.75,34.017,0,0,0,5.636,0,0,0,0,0,1.456,0,0,0,0,0,0,0,0,0,0,0,11188,1,0,4,0,4,0,10,8,1,5,1,Daily labour problem,9,8,17,9,0
13/08/2024 11:11:57,12/8/2024,174.78,177.42,11:40:00,15:20:00,168,14,333,13934,6164,2,10.353,4.437,2.25,0.1,34.017,0,0,0,5.626,0,0,0,0,0,1.575,0,0,0,0,0,0,0,0,0,0,0,4783,0,8,4,0,4,0,12,6,3,5,1,Labour problem,9,8,19,10,0
14/08/2024 11:45:57,13/08/2024,174.18,192.72,12:25:00,22:55:00,55000,16550,346,13059,4268,0,10454,4480,3350,850,34350,0,0,0,5.729,0,0,0,0,0,2.456,0,0,0,0,0,0,0,0,0,0,0,14796,1,10,6,0,3,0,11,9,1,4,1,Labour problem,8,8,19,11,0
15/08/2024 11:51:30,14/08/2024,309480,107400,7:25:00,10:15:00,130000,5760,339,5065,4386,0,8221,3523,1700,350,27013,0,0,0,5.483,0,0,0,0,0,2.032,0,0,0,0,0,0,0,0,0,0,0,4081,0,6,6,0,4,0,11,7,1,5,1,Labour problem,6,8,23,8,0
16/08/2024 11:57:34,15/08/2024,98400,123540,9:05:00,14:13:00,180000,8940,330,6864,4455,1,8323,3567,1500,350,27347,0,0,0,5.623,0,0,0,0,0,2.166,0,0,0,0,0,0,0,0,0,0,0,6931,0,4,6,0,5,0,11,8,2,3,1,Daily Labour problem,5,8,19,11,0
17/08/2024 11:08:55,16/08/2024,250740,178020,11:45:00,15:15:00,160000,10650,359,12064,3775,0,8323,3567,1550,300,27347,0,0,0,5.644,0,0,0,0,0,1.69,0,0,0,0,0,0,0,0,0,0,0,425,0,0,6,0,4,0,11,7,2,5,1,No,4,7,22,12,0
18/08/2024 11:22:04,17/08/2024,189960,241380,15:25:00,22:50:00,172000,13740,363,16539,6157,3,12484,5350,1600,450,41020,0,0,0,5.852,0,0,0,0,0,1.71,0,0,0,0,0,0,0,0,0,0,0,0,2,20,5,0,5,0,11,9,2,5,1,No,9,8,23,11,0
19/08/2024 09:23:03,18/08/2024,176280,234720,15:10:00,23:20:00,135000,14020,372,19500,2511,0,12484,5350,4900,300,41020,0,0,0,5.39,0,0,0,0,0,1.762,0,0,0,0,0,0,0,0,0,0,0,0,0,20,4,0,4,0,11,7,2,4,0,Daily labour problem,13,8,20,11,0
20/08/2024 09:32:12,19/08/2024,208380,220920,15:30:00,21:43:00,120000,19950,340,18227,4172,1,12484,5350,5200,1250,41020,0,0,0,5.625,0,0,0,0,0,2.493,0,0,0,0,0,0,0,0,0,0,0,11362,2,20,5,0,4,0,11,9,2,4,1,Daily labour problem,11,7,24,9,0
21/08/2024 09:37:57,20/08/2024,194700,193500,15:50:00,21:43:00,148000,19950,364,14983,6038,0,12586,5394,5850,550,41354,0,0,0,5.701,0,0,0,0,0,2.021,0,0,0,0,0,0,0,0,0,0,0,7115,0,20,4,0,6,0,11,9,1,5,1,No,11,8,26,9,0
22/08/2024 09:29:48,21/08/2024,229560,241200,15:20:00,22:50:00,163000,23390,355,16226,5436,0,12484,5350,6400,250,41020,0,0,0,5.468,0,0,0,0,0,1.693,0,0,0,0,0,0,0,0,0,0,0,15390,0,15,4,0,6,0,10,7,3,5,1,No,9,8,22,11,0
23/08/2024 09:47:29,22/08/2024,314940,258480,16:30:00,20:12:00,204000,20430,374,15308,4502,13,12484,5350,9900,1.86,41020,0,0,0,5.842,0,0,0,0,0,1.86,0,0,0,0,0,0,0,0,0,0,0,5717,0,11,5,0,9,0,9,9,3,5,1,No,12,8,24,14,0
24/08/2024 09:58:42,23/08/2024,392040,229200,14:10:00,23:40:00,173000,20680,365,13164,3400,0,11977,5133,8400,800,39353,0,0,0,5.933,0,0,0,0,0,1.56,0,0,0,0,0,0,0,0,0,0,0,7250,0,10,5,0,7,0,11,10,3,5,1,,13,8,24,19,0
25/08/2024 09:56:12,24/08/2024,215340,175380,14:35:00,23:15:00,124000,16590,367,10509,4902,0,12484,5350,9400,700,41020,0,0,0,5.807,0,0,0,0,0,1.906,0,0,0,0,0,0,0,0,0,0,0,10698,2,10,5,0,5,0,12,10,3,4,1,Daily labour problem,0,8,21,17,0
26/08/2024 09:35:05,25/08/2024,200640,88320,6:20:00,7:10:00,67000,2150,357,5942,2296,3.16,6293,2697,10100,500,20677,0,0,0,6.078,0,0,0,0,0,1.625,0,0,0,0,0,0,0,0,0,0,0,0,0,25,5,0,6,0,12,8,2,5,0,No,13,8,22,17,0
27/08/2024 09:39:44,26/08/2024,213480,152820,8:50:00,11:50:00,100000,11490,363,10183,1622,9,8424,3610,11150,400,27680,0,0,0,5.72,0,0,0,0,0,2.056,0,0,0,0,0,0,0,0,0,0,0,0,2,5,5,0,6,0,10,9,3,5,1,No,12,8,21,15,0
28/08/2024 09:58:25,27/08/2024,173820,147420,9:55:00,18:45:00,140000,10830,371,8948,3226,0,8424,3610,9250,850,27680,0,0,0,5.812,0,0,0,0,0,1.567,0,0,0,0,0,0,0,0,0,0,0,7342,0,7,5,0,6,0,11,8,2,5,1,No,14,8,21,18,0
29/08/2024 09:56:37,28/08/2024,169620,171120,11:25:00,13:10:00,102000,6000,358,6107,5263,0,8323,3567,11200,350,27347,0,0,0,5.626,0,0,0,0,0,1.687,0,0,0,0,0,0,0,0,0,0,0,7396,1,10,5,0,6,0,12,13,2,5,1,No,9,8,21,14,0
30/08/2024 09:57:00,29/08/2024,294840,203820,12:00:00,23:10:00,97000,22010,350,10528,5246,0,12586,5394,12045,400,41354,0,0,0,5.547,0,0,0,0,0,1.796,0,0,0,0,0,0,0,0,0,0,0,4860,0,0,6,0,5,0,12,10,2,4,1,Labour problem,10,8,22,16,0
31/08/2024 09:55:47,30/08/2024,189900,230400,14:50:00,23:27:00,134000,24830,327,11126,4792,0,12586,5394,11985,550,41354,0,0,0,5.508,0,0,0,0,0,1.88,0,0,0,0,0,0,0,0,0,0,0,22166,1,7,6,0,7,0,12,10,2,4,1,No,12,8,22,16,0
1/9/2024 10:24,31/08/2024,213840,230520,14:20:00,23:40:00,165000,17320,345,10411,4946,0,12383,5307,10400,700,40687,0,0,0,5.342,0,0,0,0,0,1.798,0,0,0,0,0,0,0,0,0,0,0,2689,0,0,6,0,6,0,12,12,2,4,1,Labour problem,11,8,20,18,0
2/9/2024 10:05,1/9/2024,244680,245280,16:20:00,21:45:00,162000,18960,349,16061,4637,10,12484,5350,10650,900,41020,0,0,0,5.409,0,0,0,0,0,1.973,0,0,0,0,0,0,0,0,0,0,0,5004,0,10,6,0,5,0,11,9,2,4,1,Daily labour problem,12,8,21,18,0
3/9/2024 10:16,2/9/2024,218100,204360,13:05:00,17:55:00,85000,17730,353,19033,6217,0,12484,5350,8150,900,41020,0,0,0,5.396,0,0,0,0,0,1.917,0,0,0,0,0,0,0,0,0,0,0,9997,0,20,6,0,8,0,12,6,3,5,1,No,14,8,20,19,0
4/9/2024 10:16,3/9/2024,294420,180300,11:25:00,18:20:00,211000,15690,355,19240,3365,4.35,10556,4524,8250,650,34684,0,0,0,5.621,0,0,0,0,0,1.743,0,0,0,0,0,0,0,0,0,0,0,11790,0,10,5,0,8,0,12,9,4,5,0,No,14,8,25,20,0
6/9/2024 10:11,5/9/2024,155940,210780,16:50:00,23:50:00,159000,18180,355,25105,6038,0,12484,5350,10370,900,41020,0,0,0,6,0,0,0,0,0,1.62,0,0,0,0,0,0,0,0,0,0,0,0,2,25,5,0,8,0,9,9,6,4,1,No,13,8,24,18,0
7/9/2024 10:08,6/9/2024,18960,183540,14:35:00,15:25:00,83000,10950,369,22456,6679,0,8323,3567,9900,700,27347,0,0,0,5.833,0,0,0,0,0,1.68,0,0,0,0,0,0,0,0,0,0,0,0,0,15,6,0,8,0,9,9,6,4,1,No,14,7,22,13,2
8/9/2024 9:53,7/9/2024,56040,194460,14:15:00,23:15:00,118000,16280,346,26968,5535,2,10353,4437,10248,700,34017,0,0,0,5.156,0,0,0,0,0,1.7,0,0,0,0,0,0,0,0,0,0,0,0,2,0,5,0,5,0,9,10,6,3,1,Daily labour,14,8,22,12,3
9/9/2024 9:57,8/9/2024,111960,144420,14:00:00,23:25:00,261000,204000,336,4.69,5712,2,10353,4017,7840,600,34017,0,0,0,5.55,0,0,0,0,0,1.981,0,0,0,0,0,0,0,0,0,0,0,1989,0,0,5,2,6,0,8,8,0,5,1,"Palbolizer machine nife change, and sotex glass change after that sotex engineer will not come in this time",10,6,30,14,0
10/9/2024 10:13,9/9/2024,241020,170100,12:45:00,12:20:00,17500,164000,350,4.6,5088,0,8323,3567,10050,950,27347,0,0,0,5.567,0,0,0,0,0,1.567,0,0,0,0,0,0,0,0,0,0,0,14838,0,15,5,3,6,0,8,9,6,3,1,,8,7,22,15,0
11/9/2024 10:02,10/9/2024,165840,201780,13:35:00,15:05:00,134000,14600,391,28509,3555,2,10831,3610,9150,750,27680,0,0,0,5.846,0,0,0,0,0,1.737,0,0,0,0,0,0,0,0,0,0,0,5264,0,0,5,0,6,0,8,9,6,5,1,No,11,7,19,16,4
12/9/2024 10:00,11/9/2024,266100,219900,15:15:00,23:05:00,131000,22530,329,28437,5792,0,12586,5394,9600,500,41354,0,0,0,5.466,0,0,0,0,0,1.629,0,0,0,0,0,0,0,0,0,0,0,4127,1,0,6,0,6,0,8,9,7,3,1,Daily labour problem,12,7,22,16,4
13/09/2024 10:10:56,12/9/2024,209940,211380,13:55:00,17:15:00,118000,17070,378,25253,5246,0,10556,4524,9455,500,34684,0,0,0,5.703,0,0,0,0,0,1.624,0,0,0,0,0,0,0,0,0,0,0,17553,0,15,6,0,5,0,8,8,6,4,1,No,12,9,22,17,4
14/09/2024 10:11:25,13/09/2024,174480,195480,12:40:00,20:25:00,85000,21520,334,24664,3773,1.38,12586,5394,14025,1300,41354,0,0,0,5.677,0,0,0,0,0,1.583,0,0,0,0,0,0,0,0,0,0,0,19937,2,5,5,0,5,0,8,8,3,5,1,No,10,10,19,16,1
15/09/2024 10:08:36,14/09/2024,141300,252780,15:30:00,22:43:00,84000,20490,386,28836,1788,0,11875,5089,17250,700,39019,0,0,0,5.461,0,0,0,0,0,1.555,0,0,0,0,0,0,0,0,0,0,0,12396,1,10,5,0,5,0,8,6,1,5,1,Labour problem,10,9,7,14,0
16/09/2024 10:12:44,15/09/2024,118740,156420,8:15:00,23:25:00,89000,23140,382,29880,999,4,12180,5220,8150,500,40020,0,0,0,5.572,0,0,0,0,0,1.565,0,0,0,0,0,0,0,0,0,0,0,3811,0,10,2,0,5,0,8,4,4,5,0,No,6,9,8,16,0
18/09/2024 10:31:11,16/09/2024,20220,82320,7:25:00,19:50:00,46000,21450,467,21630,2326,0,6191,2653,12750,400,20343,0,0,0,5.873,0,0,0,0,0,1.587,0,0,0,0,0,0,0,0,0,0,0,0,1,17,4,0,6,0,10,3,4,5,1,No,6,6,9,9,0
19/09/2024 10:21:01,18/09/2024,69960,82080,6:50:00,0:00:00,99000,0,290,12801,2418,0,3755,1609,13650,400,12339,0,0,0,0,0,0,0,0,0,0,0,0,0,0,0,0,0,0,0,0,0,5075,0,12,5,0,6,0,0,6,4,5,1,No,6,6,14,11,4
20/09/2024 10:29:54,19/09/2024,107520,90000,5:20:00,9:45:00,112000,11880,422,22014,6813,0,4263,1827,16838,750,14007,0,0,0,5.468,0,0,0,0,0,1.484,0,0,0,0,0,0,0,0,0,0,0,5427,0,11,5,0,6,0,0,7,7,5,1,No,7,8,14,16,3
21/09/2024 10:03:46,20/09/2024,118560,119520,9:10:00,8:41:00,13000,17820,320,21817,6788,0,8323,3567,18013,700,27347,0,0,0,5.806,0,0,0,0,0,1.503,0,0,0,0,0,0,0,0,0,0,0,9688,2,9,5,0,8,0,0,6,7,4,1,No,9,9,22,17,2
22/09/2024 10:17:07,21/09/2024,147660,131520,9:05:00,21:50:00,150000,16240,330,25378,5941,6,8221,3523,13050,400,27013,0,0,0,5.812,0,0,0,0,0,1.55,0,0,0,0,0,0,0,0,0,0,0,1367,0,0,6,0,7,0,0,8,7,4,1,No,9,9,24,20,3
23/09/2024 10:12:48,22/09/2024,198660,197280,14:20:00,6:50:00,124000,10590,341,18841,6915,0,8424,3610,10693,700,27680,0,0,0,5.702,0,0,0,0,0,1.61,0,0,0,0,0,0,0,0,0,0,0,24359,1,12,4,0,6,0,0,9,4,3,1,Daily labour problem,9,9,25,20,4
24/09/2024 10:12:10,23/09/2024,164400,198000,15:00:00,22:35:00,115000,11160,342,28172,3986,5,10556,4524,14210,500,34684,0,0,0,5.645,0,0,0,0,0,1.496,0,0,0,0,0,0,0,0,0,0,0,1748,0,0,3,0,6,0,0,8,3,5,1,No,10,9,23,20,3
25/09/2024 10:12:47,24/09/2024,237960,212940,16:20:00,21:20:00,76000,22620,378,25845,4980,0,12586,5394,11750,750,41354,0,0,0,5.645,0,0,0,0,0,1.496,0,0,0,0,0,0,0,0,0,0,0,5804,0,15,4,0,9,0,0,9,3,5,1,No,9,9,24,19,4
26/09/2024 10:26:49,25/09/2024,220800,228900,16:25:00,23:40:00,201000,22080,369,27205,4006,5,12586,5394,15695,700,41354,0,0,0,5.34,0,0,0,0,0,1.324,0,0,0,0,0,0,0,0,0,0,0,3268,0,4,5,0,9,0,0,8,6,5,1,No,8,9,24,21,4
27/09/2024 10:10:16,26/09/2024,210300,234780,16:25:00,23:20:00,120000,23280,347,29048,2746,0,14616,6264,16643,1150,48024,0,0,0,5.628,0,0,0,0,0,1.541,0,0,0,0,0,0,0,0,0,0,0,12215,2,12,6,0,10,0,0,9,5,4,1,No,11,9,21,18,4
28/09/2024 10:47:39,27/09/2024,145440,133020,8:15:00,23:55:00,163000,27510,454,25549,2878,0,8424,3610,16150,900,27680,0,0,0,5.806,0,0,0,0,0,1.496,0,0,0,0,0,0,0,0,0,0,0,8307,0,12,6,0,8,0,0,8,5,5,1,No,0,9,21,18,8
29/09/2024 10:12:48,28/09/2024,131220,136320,8:10:00,6:50:00,85000,13230,302,12386,1591,5.51,5988,2566,12248,700,19676,0,0,0,5.454,0,0,0,0,0,1.587,0,0,0,0,0,0,0,0,0,0,0,20485,0,11,6,0,8,0,0,8,6,5,1,No,12,9,23,18,7
30/09/2024 10:59:05,29/09/2024,232140,231960,17:45:00,21:20:00,140000,21810,326,20834,5883,5,12586,5394,13880,700,41354,0,0,0,5.68,0,0,0,0,0,1.503,0,0,0,0,0,0,0,0,0,0,0,11663,1,10,6,0,9,0,0,8,3,5,1,No,12,8,23,17,6
1/10/2024 10:32,30/09/2024,232560,173040,15:30:00,19:10:00,133000,11710,359,19403,6683,0,10556,4524,11825,500,34684,0,0,0,5.606,0,0,0,0,0,1.561,0,0,0,0,0,0,0,0,0,0,0,4906,0,0,6,0,9,0,0,8,4,5,0,No,13,9,25,18,8
2/10/2024 10:40,1/10/2024,249120,228900,15:00:00,23:30:00,139000,18990,341,23219,5224,0,12484,5350,16193,800,41020,0,0,0,5.806,0,0,0,0,0,1.438,0,0,0,0,0,0,0,0,0,0,0,11367,1,20,3,0,8,0,0,7,5,4,1,No,12,9,23,15,7
3/10/2024 11:00,2/10/2024,205140,187560,14:30:00,24:00:00,146000,248000,350,4.03,3581,0,12586,5394,15750,450,41354,0,0,0,24700,0,0,0,0,0,1580,0,0,0,0,0,0,0,0,0,0,0,22837,0,12,6,0,7,0,0,8,4,5,1,,12,9,23,16,8
4/10/2024 10:30,3/10/2024,229980,227100,16:30:00,21:25:00,223000,23730,374,25385,5294,0,12180,2784,15440,800,40020,0,0,0,5.804,0,0,0,0,0,1.638,0,0,0,0,0,0,0,0,0,0,0,18109,0,12,6,0,7,0,0,7,6,4,1,No,13,9,19,17,8
5/10/2024 10:40,4/10/2024,196860,236700,16:55:00,23:15:00,121000,18960,355,29400,2777,0,12180,2784,15978,550,40020,0,0,0,5.645,0,0,0,0,0,1.638,0,0,0,0,0,0,0,0,0,0,0,0,1,8,6,0,7,0,0,8,5,5,1,No,13,9,22,17,8
6/10/2024 10:13,5/10/2024,264720,210000,15:15:00,23:20:00,98000,24290,368,30406,3102,8,12687,2900,15072,400,41687,0,0,0,5.645,0,0,0,0,0,1.638,0,0,0,0,0,0,0,0,0,0,0,0,2,5,6,0,6,0,0,8,6,5,1,No,13,9,23,15,0
7/10/2024 10:47,6/10/2024,366960,254520,15:05:00,23:00:00,201000,229000,345,25322,6604,0,12586,2876,16047,700,41354,0,0,0,5.684,0,0,0,0,0,1.496,0,0,0,0,0,0,0,0,0,0,0,15975,1,10,7,0,8,0,0,8,3,4,1,No,13,9,25,13,0
8/10/2024 10:09,7/10/2024,325620,128280,10:50:00,14:15:00,203000,10770,337,21793,5475,0,8526,1948,15487,850,28014,0,0,0,5.564,0,0,0,0,0,1.593,0,0,0,0,0,0,0,0,0,0,0,5844,0,10,7,0,8,0,0,8,3,5,1,No,12,12,21,13,0
9/10/2024 10:04,8/10/2024,113640,164760,12:35:00,19:10:00,161000,17630,336,21357,5001,0,8424,1925,15301,350,27680,0,0,0,5.39,0,0,0,0,0,1.473,0,0,0,0,0,0,0,0,0,0,0,13771,2,10,7,0,5,0,0,8,3,4,1,No,13,0,16,0,0
17/10/2024 10:25:18,16/10/2024,56580,198000,15:15:00,18:45:00,0,16410,298,19441,4423,0,8221,2114,9727,300,27013,0,0,0,5.464,0,0,0,0,0,2.238,0,0,0,0,0,0,0,0,0,0,0,13358,1,8,3,0,2,0,0,5,7,5,1,No,9,7,8,10,0
18/10/2024 10:07:09,17/10/2024,243840,144600,9:20:00,19:25:00,104000,6930,383,20667,3950,0,8323,2140,7862,300,27347,0,0,0,5.496,0,0,0,0,0,1.975,0,0,0,0,0,0,0,0,0,0,0,3933,0,8,3,0,6,0,0,7,6,5,1,No,10,9,30,10,4
19/10/2024 09:54:53,18/10/2024,228240,138780,10:15:00,15:30:00,201000,15000,368,18421,4244,0,8424,2166,10350,1100,27680,0,0,0,5.704,0,0,0,0,0,1.486,0,0,0,0,0,0,0,0,0,0,0,5472,0,4,5,0,7,0,5,8,7,5,1,No,10,9,23,18,4
20/10/2024 10:38:54,19/10/2024,155760,185400,13:55:00,23:35:00,174000,19110,331,21838,3708,0,10353,2662,9115,500,34017,0,0,0,5.819,0,0,0,0,0,1.532,0,0,0,0,0,0,0,0,0,0,0,3020,0,0,5,0,5,0,5,8,7,3,1,No,10,9,24,19,3
21/10/2024 10:28:49,20/10/2024,235380,181560,13:50:00,20:15:00,100000,20580,352,19981,5331,0,10353,2662,12860,750,34017,0,0,0,5.115,0,0,0,0,0,1.57,0,0,0,0,0,0,0,0,0,0,0,11222,2,0,5,0,6,0,5,10,3,4,1,No,8,8,22,19,4
22/10/2024 10:23:24,21/10/2024,183900,165960,14:00:00,18:00:00,130000,23960,402,20370,4228,24,8323,2140,14980,700,27347,0,0,0,5.483,0,0,0,0,0,1.445,0,0,0,0,0,0,0,0,0,0,0,20834,2,15,4,0,6,0,10,10,4,5,1,No,10,8,22,20,4
23/10/2024 10:14:46,22/10/2024,129840,170580,14:15:00,15:00:00,95000,11560,312,15840,6042,5,8323,2140,15370,500,27347,0,0,0,5.59,0,0,0,0,0,1.462,0,0,0,0,0,0,0,0,0,0,0,27241,1,10,4,0,6,0,10,9,6,4,1,No,9,8,23,23,4
24/10/2024 10:15:06,24/10/2024,191040,105000,12:15:00,16:07:00,136000,12540,421,18326,3346,5,8221,2114,15674,1050,27013,0,0,0,5.562,0,0,0,0,0,1.387,0,0,0,0,0,0,0,0,0,0,0,20520,1,10,5,0,6,0,10,9,6,5,1,No,8,8,26,19,5
25/10/2024 10:13:50,24/10/2024,114540,166920,14:20:00,15:20:00,94000,9320,338,19128,1981,0,10353,2662,15265,1100,34017,0,0,0,5.46,0,0,0,0,0,1.371,0,0,0,0,0,0,0,0,0,0,0,6006,0,0,4,0,7,0,10,9,3,4,1,No,9,8,21,19,4
26/10/2024 10:23:41,25/10/2024,161040,165000,13:50:00,19:35:00,10000,13910,375,21877,215,0,8120,2088,16570,1300,26680,0,0,0,5.519,0,0,0,0,0,2.3,0,0,0,0,0,0,0,0,0,0,0,28047,0,7,3,0,8,0,10,6,3,5,1,No,5,8,11,21,0
27/10/2024 10:21:40,26/10/2024,145200,154200,15:00:00,16:10:00,118000,21490,434,22476,3613,0,8323,2140,16408,550,27347,0,0,0,5.598,0,0,0,0,0,1.454,0,0,0,0,0,0,0,0,0,0,0,5049,0,6,5,0,6,0,10,9,6,5,1,No,7,8,24,20,2
28/10/2024 10:06:32,27/10/2024,184980,175680,14:10:00,16:35:00,151000,18030,357,24024,4040,0,10454,2688,9150,550,34350,0,0,0,5.625,0,0,0,0,0,1.46,0,0,0,0,0,0,0,0,0,0,0,20761,0,7,4,0,8,0,10,11,4,3,0,No,11,8,20,21,4
29/10/2024 10:19:13,28/10/2024,158280,169260,12:05:00,18:15:00,95000,17760,413,25965,4042,10,8424,2166,15860,700,27680,0,0,0,5.465,0,0,0,0,0,1.546,0,0,0,0,0,0,0,0,0,0,0,5816,0,10,2,0,8,0,10,10,4,5,1,No,11,8,18,21,4
30/10/2024 10:29:29,29/10/2024,102960,158460,13:05:00,19:20:00,127000,13080,348,24997,5331,0,10454,2688,16657,600,34350,0,0,0,5.673,0,0,0,0,0,1.398,0,0,0,0,0,0,0,0,0,0,0,618,0,0,4,0,8,0,2,11,4,5,1,No,10,8,19,16,5
31/10/2024 13:23:49,30/10/2024,72480,138480,11:30:00,18:50:00,60000,6900,335,24727,4905,7,8211,2114,13950,450,27013,0,0,0,5.261,0,0,0,0,0,1.334,0,0,0,0,0,0,0,0,0,0,0,13867,0,10,5,0,4,0,2,9,4,4,1,No,7,8,15,6,2
1/11/2024 12:17,31/10/2024,39120,150360,13:50:00,9:55:00,120000,7600,377,22989,4812,0,5887,1513,2912,100,19343,0,0,0,5.2,0,0,0,0,0,1.334,0,0,0,0,0,0,0,0,0,0,0,9674,0,9,3,0,7,0,2,7,2,5,0,No,7,6,0,8,0
2/11/2024 10:14,1/11/2024,117360,147600,12:25:00,10:30:00,0,6810,292,20669,5552,8,8424,2166,16855,400,27680,0,0,0,5.522,0,0,0,0,0,2.9,0,0,0,0,0,0,0,0,0,0,0,8801,1,13,4,0,6,0,1,7,2,5,0,No,6,5,10,7,0
3/11/2024 9:50,2/11/2024,112920,127380,14:10:00,19:45:00,115000,6480,346,19898,5227,0,8120,2088,5887,300,26680,0,0,0,5.666,0,0,0,0,0,1.424,0,0,0,0,0,0,0,0,0,0,0,11854,1,10,3,0,4,0,2,2,0,5,0,No,0,5,0,8,0
4/11/2024 10:12,3/11/2024,35460,64260,5:55:00,11:25:00,0,4230,517,15161,3512,0,1928,495,4431,100,6336,0,0,0,5.538,0,0,0,0,0,1.427,0,0,0,0,0,0,0,0,0,0,0,6076,0,15,1,0,3,0,2,3,3,5,1,No,0,5,0,9,0
5/11/2024 9:33,4/11/2024,2004,67200,7:35:00,6:05:00,0,6480,335,11693,3647,0,4161,1070,3962,200,13673,0,0,0,5.363,0,0,0,0,0,1.407,0,0,0,0,0,0,0,0,0,0,0,20176,0,9,2,0,4,0,2,3,2,5,1,No,0,5,11,7,2
6/11/2024 10:38,5/11/2024,969000,130740,12:15:00,8:10:00,125000,16410,306,16484,4657,0,8323,2140,1500,100,27347,0,0,0,5.437,0,0,0,0,0,1.4,0,0,0,0,0,0,0,0,0,0,0,68762,0,0,4,0,4,0,2,6,1,4,1,No,6,0,15,6,3
7/11/2024 12:03,6/11/2024,163920,0,0:00:00,8:20:00,177000,0,0,17366,4203,0,0,0,12800,200,0,0,0,0,0,0,0,0,0,0,2.2,0,0,0,0,0,0,0,0,0,0,0,9771.39,0,3,5,0,5,0,1,8,3,4,1,No,0,8,18,11,3
8/11/2024 12:52,7/11/2024,2447000,177540,10:25:00,15:30:00,57000,10620,331,23405,4881,0,8323,3567,12930,450,27580,0,0,0,5.645,0,0,0,0,0,1.38,0,0,0,0,0,0,0,0,0,0,0,5016.2,6,0,6,0,5,0,1,7,5,4,1,No,12,8,16,15,3
9/11/2024 12:18,8/11/2024,84000,132900,8:45:00,12:15:08,121000,12360,336,23661,5389,4,8424,3610,16800,450,27680,0,0,0,2.89,0,0,0,0,0,2.263,0,0,0,0,0,0,0,0,0,0,0,0,3,6,6,0,5,0,2,6,2,4,1,No,13,8,19,13,3
10/11/2024 14:32,9/11/2024,128220,161640,11:55:00,19:50:00,140000,5700,328,23709,6092,0,8120,1000,7500,450,26680,0,0,0,5.625,0,0,0,0,0,2.268,0,0,0,0,0,0,0,0,0,0,0,0,0,14,5,0,4,0,2,7,3,2,3,No,11,8,19,15,0
11/11/2024 11:21,10/11/2024,192660,136620,8:45:00,13:25:00,103000,2100,338,22227,5662,0,8323,2140,10264,1650,27347,0,0,0,5.728,0,0,0,0,0,2.268,0,0,0,0,0,0,0,0,0,0,0,0,1,9,3,0,4,0,2,9,1,4,3,No,10,8,15,15,0
12/11/2024 11:27,11/11/2024,192600,147000,9:40:00,16:00:00,56000,5160,342,24151,6045,0,8323,2140,5.798,700,27347,0,0,0,5.798,0,0,0,0,0,1.426,0,0,0,0,0,0,0,0,0,0,0,0,0,10,5,0,4,0,2,9,4,4,3,No,10,8,14,14,5
13/11/2024 11:25:02,12/11/2024,136680,143640,7:00:00,15:10:00,106000,12330,342,23714,5317,0,8120,2088,10250,1000,26680,0,0,0,5.312,0,0,0,0,0,1.4,0,0,0,0,0,0,0,0,0,0,0,0,3,6,5,0,4,0,2,9,5,5,3,No,10,8,14,14,5
14/11/2024 14:17:59,13/11/2024,31500,152100,7:15:00,12:15:00,101000,9720,339,22053,4576,0,8323,2140,11275,1500,27347,0,0,0,5.727,0,0,0,0,0,1.5,0,0,0,0,0,0,0,0,0,0,0,0,0,11,5,0,3,0,2,9,6,5,3,No,12,8,17,13,5
15/11/2024 10:01:58,14/11/2024,59520,129840,7:20:00,14:20:00,25000,13290,344,21870,4660,0,7917,2035,11270,1300,26013,0,0,0,5.625,0,0,0,0,0,2.4,0,0,0,0,0,0,0,0,0,0,0,0,0,0,5,0,3,0,2,9,6,4,3,No,12,7,20,11,5
16/11/2024 10:09:14,15/11/2024,49680,69900,4:25:00,17:10:00,121000,10800,357,26223,4660,0,7815,2009,13875,1400,25679,0,0,0,5.577,0,0,0,0,0,1.438,0,0,0,0,0,0,0,0,0,0,0,0,0,7,3,0,3,0,2,8,6,5,2,No,11,7,17,11,5
17/11/2024 10:34:51,16/11/2024,143040,139620,8:15:00,7:50:00,164000,4390,375,22224,5223,0,6090,1566,12150,900,20010,0,0,0,5.903,0,0,0,0,0,1.458,0,0,0,0,0,0,0,0,0,0,0,14837,0,11,6,0,3,0,2,9,6,5,3,No,11,8,16,11,4
18/11/2024 10:05:38,17/11/2024,195720,140700,9:05:00,14:07:00,89000,10300,353,24190,4903,0,8323,2140,11577,650,27347,0,0,0,5.819,0,0,0,0,0,1.528,0,0,0,0,0,0,0,0,0,0,0,229532,2,10,5,0,3,0,2,8,3,4,3,No,8,10,15,11,3
19/11/2024 09:37:45,18/11/2024,197340,165900,8:10:00,17:35:00,161000,9060,350,21926,4810,3,8323,2140,7560,1300,27347,0,0,0,5.522,0,0,0,0,0,2.208,0,0,0,0,0,0,0,0,0,0,0,1066,0,0,6,0,2,0,2,8,3,5,3,No,8,10,14,10,4
20/11/2024 09:53:35,19/11/2024,186480,201960,15:35:00,20:05:00,94000,18290,339,25575,4946,0,12484,3210,13800,700,41020,0,0,0,5.431,0,0,0,0,0,2.29,0,0,0,0,0,0,0,0,0,0,0,12253,2,11,5,0,2,0,1,8,7,5,4,No,9,9,15,11,4
21/11/2024 09:54:14,20/11/2024,206460,233580,12:55:00,22:25:00,166000,22980,364,26852,4121,1.12,12586,3236,14591,1000,41354,0,0,0,5.128,0,0,0,0,0,1.69,0,0,0,0,0,0,0,0,0,0,0,2999,0,0,5,0,2,0,1,8,4,5,4,No,9,10,15,9,5
22/11/2024 09:40:06,21/11/2024,198600,204240,15:00:00,21:35:00,77000,20520,355,27008,4698,0,12484,3210,14464,1500,41020,0,0,0,4.992,0,0,0,0,0,1.46,0,0,0,0,0,0,0,0,0,0,0,9610,2,11,6,0,2,0,1,9,4,4,4,No,8,9,16,8,5
23/11/2024 11:10:20,22/11/2024,222240,194700,13:30:00,20:10:00,162000,22370,362,27634,4325,0,12586,5394,14700,1500,41354,0,0,0,5.312,0,0,0,0,0,1.875,0,0,0,0,0,0,0,0,0,0,0,4503.42,0,9,6,0,2,0,1,9,5,4,4,No,12,10,16,8,5
25/11/2024 10:27:09,24/11/2024,259560,236040,15:40:00,21:10:00,170000,17310,372,28986,4360,0,12586,5394,14490,1000,41354,0,0,0,5.692,0,0,0,0,0,1.538,0,0,0,0,0,0,0,0,0,0,0,11675,0,6,7,0,4,0,1,8,3,5,4,No,9,10,17,10,0
26/11/2024 09:38:41,25/11/2024,246720,198000,12:30:00,20:17:00,121000,24710,380,27268,4400,0,12687,3262,14943,1500,41687,0,0,0,5.812,0,0,0,0,0,2.479,0,0,0,0,0,0,0,0,0,0,0,12572,2,10,7,0,4,0,1,8,2,5,4,No,12,10,19,10,4
27/11/2024 09:59:49,26/11/2024,218340,236880,15:05:00,22:05:00,110000,18150,357,28554,4164,0,12484,3210,15254,1100,41020,0,0,0,5.612,0,0,0,0,0,2.335,0,0,0,0,0,0,0,0,0,0,0,14006,0,4,7,0,4,0,1,9,3,5,4,No,12,8,17,10,3
28/11/2024 09:20:41,27/11/2024,142920,163500,13:05:00,20:53:00,160000,16990,348,24972,4077,45,12687,3262,10050,1100,41687,0,0,0,5.635,0,0,0,0,0,1.432,0,0,0,0,0,0,0,0,0,0,0,2118,0,0,6,0,3,0,1,9,3,5,4,No,12,8,20,10,4
29/11/2024 10:01:06,28/11/2024,201540,271620,16:45:00,22:40:00,161000,21660,353,24783,5138,0,12484,3210,17600,2600,41020,0,0,0,5.645,0,0,0,0,0,1.432,0,0,0,0,0,0,0,0,0,0,0,6071,0,0,7,0,2,0,1,9,3,4,3,No,14,8,22,8,4
30/11/2024 09:50:44,29/11/2024,202860,254040,14:10:00,22:55:00,232000,25780,350,23220,4659,0,12078,3105,12500,800,39686,0,0,0,5.312,0,0,0,0,0,1.337,0,0,0,0,0,0,0,0,0,0,0,23794,0,0,7,0,2,0,1,8,2,5,4,No,13,8,24,9,4
1/12/2024 10:23,30/11/2024,260520,269460,15:05:00,22:50:00,194000,28560,346,26924,1351,0,12484,3210,17350,1800,41020,0,0,0,5.671,0,0,0,0,0,2.24,0,0,0,0,0,0,0,0,0,0,0,4291,0,10,5,0,2,0,1,8,3,5,4,No,13,9,22,10,2
2/12/2024 10:07,1/12/2024,217620,201780,13:10:00,25:20:00,110000,25170,335,23479,4479,0,16849,4332,9000,1500,55361,0,0,0,5.633,0,0,0,0,0,2.246,0,0,0,0,0,0,0,0,0,0,0,30001,3,20,6,0,2,0,1,7,1,4,4,No,10,8,22,10,2
3/12/2024 9:58,2/12/2024,271440,273360,17:15:00,26:48:00,93000,31170,336,27829,2776,1,16849,4332,10300,1550,55361,0,0,0,5.62,0,0,0,0,0,1.393,0,0,0,0,0,0,0,0,0,0,0,0,3,10,8,0,2,0,2,7,0,5,4,No,11,8,22,10,4
4/12/2024 10:12,3/12/2024,196080,234660,17:05:00,30:08:00,214000,23400,362,28952,4730,0,12586,3236,2200,300,41354,0,0,0,5.631,0,0,0,0,0,2.268,0,0,0,0,0,0,0,0,0,0,0,27965,1,10,7,0,2,0,2,8,1,5,4,No,13,9,18,12,4
5/12/2024 9:40,4/12/2024,212220,252900,16:40:00,22:20:00,202000,22550,333,27800,4708,0,14717,3784,13850,1900,48357,0,0,0,5.47,0,0,0,0,0,2.322,0,0,0,0,0,0,0,0,0,0,0,21758,0,0,8,0,2,0,2,7,1,3,4,No,10,8,18,14,4
6/12/2024 10:32,5/12/2024,327600,294060,16:20:00,24:40:00,217000,39740,339,27748,5400,20,16646,4280,11700,1300,54694,0,0,0,5.464,0,0,0,0,0,2.348,0,0,0,0,0,0,0,0,0,0,0,10868,1,10,8,0,2,0,2,10,2,5,4,No,12,9,16,16,3
7/12/2024 9:56,6/12/2024,325980,262620,15:15:00,27:07:00,196000,37420,357,25814,5050,0,14616,3758,9050,1600,48024,0,0,0,5.545,0,0,0,0,0,1.368,0,0,0,0,0,0,0,0,0,0,0,27472,1,9,7,0,2,0,2,10,1,5,4,No,13,8,19,17,2
8/12/2024 10:45,7/12/2024,271260,294540,16:05:00,30:35:00,257000,34918,368,27652,4912,0,14268,7134,14100,1600,54694,0,0,0,5.625,0,0,0,0,0,2.312,0,0,0,0,0,0,0,0,0,0,0,8736.47,3023,465,8,0,2,0,2,9,1,3,4,No,10,8,14,15,0
9/12/2024 12:27,8/12/2024,364200,243660,14:15:00,26:30:00,199000,21440,345,24494,4865,0,12586,5394,5650,1.343,124,0,0,0,5.625,0,0,0,0,0,250,0,0,0,0,0,0,0,0,0,0,0,0,457,3429,7,0,2,0,3,7,1,5,3,No,10,8,17,14,0
10/12/2024 10:20,9/12/2024,307200,268800,16:45:00,24:13:00,171000,28080,364,25884,1272,3,14616,6264,7247,2250,48024,0,0,0,5.706,0,0,0,0,0,1.419,0,0,0,0,0,0,0,0,0,0,0,0,2,6,8,0,2,0,3,7,1,4,4,No,12,8,17,15,0
11/12/2024 10:24,10/12/2024,343020,352200,18:05:00,29:47:00,240000,42010,359,26684,3181,0,16747,4306,14000,2450,55027,0,0,0,5.468,0,0,0,0,0,2.256,0,0,0,0,0,0,0,0,0,0,0,13736,0,7,8,0,2,0,3,8,4,5,4,No,8,9,17,14,0
12/12/2024 10:12,11/12/2024,334020,309000,17:50:00,28:17:00,225000,35670,354,24400,4446,0,16747,4306,12700,2050,55027,0,0,0,5.753,0,0,0,0,0,1.4,0,0,0,0,0,0,0,0,0,0,0,0,1,20,8,0,2,0,1,9,2,5,4,No,7,9,16,15,0
13/12/2024 10:03:11,12/12/2024,267480,271260,18:05:00,30:59:00,135000,43510,337,24403,4768,0,16747,4306,10950,1200,55027,0,0,0,5.784,0,0,0,0,0,2.25,0,0,0,0,0,0,0,0,0,0,0,0,1,13,6,0,2,0,2,9,1,4,1,No,10,10,12,16,0
14/12/2024 09:54:19,13/12/2024,374460,329280,18:20:00,33:28:00,200000,34290,318,26515,4788,0,18879,4854,10650,1400,62031,0,0,0,5.625,0,0,0,0,0,2.4,0,0,0,0,0,0,0,0,0,0,0,0,3,29,6,0,2,0,2,8,2,5,2,No,8,9,14,15,0
15/12/2024 10:32:29,14/12/2024,285660,278520,16:10:00,32:25:00,243000,46460,331,26040,4805,0,18879,4854,9000,1750,62031,0,0,0,5.468,0,0,0,0,0,1.468,0,0,0,0,0,0,0,0,0,0,0,0,3,10,6,0,3,0,2,8,2,4,2,No,8,9,14,14,0
16/12/2024 10:36:43,15/12/2024,305760,293220,17:50:00,27:45:00,180000,19780,347,26624,4950,48,14717,3784,7315,1300,48357,0,0,0,5.559,0,0,0,0,0,1.354,0,0,0,0,0,0,0,0,0,0,0,0,1,12,4,0,3,0,1,9,1,5,1,No,6,9,15,17,0
17/12/2024 10:33:01,16/12/2024,352380,246000,16:50:00,23:50:00,145000,20680,298,27184,4650,0,16646,4280,7931,800,54694,0,0,0,5.625,0,0,0,0,0,2.118,0,0,0,0,0,0,0,0,0,0,0,0,0,18,5,0,6,0,2,10,1,5,4,Labour problem,6,8,16,16,0
18/12/2024 10:43:44,17/12/2024,269100,263820,16:00:00,30:50:00,195000,22300,365,28922,4920,16,12484,3210,10500,2250,41020,0,0,0,5.468,0,0,0,0,0,2.256,0,0,0,0,0,0,0,0,0,0,0,0,1,0,6,0,5,0,2,10,1,5,4,Labour problem,8,8,16,17,0
19/12/2024 10:54:27,18/12/2024,366060,237600,17:30:00,23:50:00,161000,23850,328,28296,4850,0,14616,3758,14700,3000,48024,0,0,0,5.625,0,0,0,0,0,2.256,0,0,0,0,0,0,0,0,0,0,0,0,0,11,6,0,5,0,2,10,1,4,4,Labour problem,10,9,15,17,0
20/12/2024 10:46:00,19/12/2024,316140,310200,16:40:00,24:00:00,191000,18460,342,27421,5077,0,14819,3810,14900,2750,48691,0,0,0,5.806,0,0,0,0,0,2.137,0,0,0,0,0,0,0,0,0,0,0,4403.05,416,3953,7,0,3,0,2,8,1,4,4,No,11,8,17,17,2
21/12/2024 10:42:29,20/12/2024,393960,318660,17:50:00,30:15:00,157000,22800,338,28770,4227,0,16849,16500,17200,2550,55361,0,0,0,6.025,0,0,0,0,0,2.256,0,0,0,0,0,0,0,0,0,0,0,0,416,3953,7,0,3,0,2,10,4,4,4,No,10,8,16,17,2
22/12/2024 11:13:56,21/12/2024,324900,276000,14:25:00,25:43:00,167000,17250,384,28398,2550,0,14616,3758,17250,1500,48024,0,0,0,5.625,0,0,0,0,0,1.38,0,0,0,0,0,0,0,0,0,0,0,0,3,6,7,0,3,0,2,10,4,4,4,No,13,8,16,18,0
23/12/2024 09:02:33,22/12/2024,365280,345540,18:55:00,33:45:00,139000,25480,347,29194,4818,0,18980,4880,10206,1000,62364,0,0,0,5.806,0,0,0,0,0,1.38,0,0,0,0,0,0,0,0,0,0,0,0,2,8,5,0,2,0,2,9,4,5,4,No,11,8,16,17,2
24/12/2024 09:19:23,23/12/2024,417900,334320,19:50:00,31:19:00,277000,22190,346,31705,5010,5,18980,4880,16900,2650,62364,0,0,0,5.581,0,0,0,0,0,1.398,0,0,0,0,0,0,0,0,0,0,0,0,1,6,7,0,2,0,4,8,5,4,4,No,12,8,17,17,3
25/12/2024 09:16:36,24/12/2024,472320,324000,19:10:00,36:23:00,222000,29480,358,34030,5077,10,18879,4854,18250,1200,62031,0,0,0,5.701,0,0,0,0,0,1.395,0,0,0,0,0,0,0,0,0,0,0,0,2,20,6,0,2,0,4,8,3,2,4,Labour problem,12,8,20,17,2
26/12/2024 10:12:05,25/12/2024,362160,289980,18:15:00,32:45:00,227000,27330,357,33377,3622,0,18980,4880,15100,950,62364,0,0,0,5.652,0,0,0,0,0,1.422,0,0,0,0,0,0,0,0,0,0,0,0,0,14,6,0,2,0,4,7,5,4,4,No,11,8,18,18,0
27/12/2024 09:50:06,26/12/2024,441960,330120,18:55:00,45:10:00,166000,27550,371,36138,4400,0,16849,4332,11900,1100,55361,0,0,0,5.784,0,0,0,0,0,1.4,0,0,0,0,0,0,0,0,0,0,0,0,1,24,5,0,1,0,4,8,5,4,4,No,13,8,18,18,2
28/12/2024 09:30:02,27/12/2024,365220,379200,19:20:00,35:30:00,187000,20140,338,34810,5000,0,18879,4854,18450,2400,62031,0,0,0,5.537,0,0,0,0,0,1.427,0,0,0,0,0,0,0,0,0,0,0,9607,0,16,5,0,2,0,7,9,6,5,4,No,12,8,20,19,3
29/12/2024 09:10:58,28/12/2024,407220,321060,16:45:00,34:20:00,284000,20530,332,33559,5148,0,18980,4880,19250,1650,62364,0,0,0,5.596,0,0,0,0,0,1.405,0,0,0,0,0,0,0,0,0,0,0,5400,2,14,6,0,2,0,7,9,5,5,4,No,12,11,20,18,3
30/12/2024 09:27:19,29/12/2024,434040,265020,19:00:00,34:40:00,267000,20900,332,31520,4903,0,18777,4828,9550,1250,61697,0,0,0,5.628,0,0,0,0,0,1.382,0,0,0,0,0,0,0,0,0,0,0,13632,2,15,5,3,2,0,7,9,3,4,3,No,10,10,21,19,2
31/12/2024 09:11:58,30/12/2024,279840,376440,18:35:00,34:25:00,141000,23730,331,31630,4753,0,18879,4854,16000,2950,62031,0,0,0,5.645,0,0,0,0,0,1.411,0,0,0,0,0,0,0,0,0,0,0,11688,2,15,5,0,3,0,6,7,2,5,4,No,13,10,20,17,2
1/1/2025 9:09,31/12/2024,285060,325080,17:15:00,34:30:00,262000,28020,332,31511,4916,0,18980,4880,16850,2550,62364,0,0,0,5.562,0,0,0,0,0,1.393,0,0,0,0,0,0,0,0,0,0,0,16688,1,10,3,3,3,0,7,5,2,5,3,No,13,10,12,16,6
2/1/2025 9:24,1/1/2025,57420,286680,17:50:00,35:05:00,249000,36000,338,31180,5181,34,18980,4880,16300,1100,62364,0,0,0,5.682,0,0,0,0,0,1.425,0,0,0,0,0,0,0,0,0,0,0,7073,2,20,6,0,3,0,8,6,2,5,4,No,12,10,11,16,8
3/1/2025 9:13,2/1/2025,233580,283800,17:30:00,33:30:00,211000,19470,333,31096,5509,0,18879,4854,17800,2500,62031,0,0,0,5.515,0,0,0,0,0,1.38,0,0,0,0,0,0,0,0,0,0,0,13432,0,30,6,0,5,0,7,7,5,4,4,No,13,10,16,15,8
4/1/2025 9:14,3/1/2025,352560,296040,16:00:00,35:25:00,271000,12720,386,32933,4769,0,14717,3784,17300,1550,48357,0,0,0,5.685,0,0,0,0,0,1.431,0,0,0,0,0,0,0,0,0,0,0,11787,0,10,5,3,5,0,8,7,5,5,4,No,11,9,16,15,8
5/1/2025 9:30,4/1/2025,212100,279300,18:15:00,23:25:00,87000,24720,335,31939,4470,0,16849,4332,18800,1900,55361,0,0,0,5.704,0,0,0,0,0,1.402,0,0,0,0,0,0,0,0,0,0,0,0,2,10,6,3,5,0,8,7,4,4,4,No,10,9,13,15,10
6/1/2025 9:35,5/1/2025,365280,309480,19:05:00,28:35:00,252000,23370,362,34756,34756,4228,16849,4332,17000,2550,55361,0,0,0,5.483,0,0,0,0,0,1.354,0,0,0,0,0,0,0,0,0,0,0,0,0,20,6,3,5,0,10,7,1,5,1,No,10,9,17,16,10
7/1/2025 8:58,6/1/2025,289740,290580,18:45:00,30:55:00,241000,28120,344,34615,4402,0,16849,4332,18000,3050,55361,0,0,0,5.672,0,0,0,0,0,1.42,0,0,0,0,0,0,0,0,0,0,0,0,3,25,6,0,3,0,9,8,4,5,4,No,12,9,17,16,13
8/1/2025 9:57,7/1/2025,347580,341400,18:40:00,33:51:00,163000,29490,330,33815,4229,0,18980,4880,17600,1450,62364,0,0,0,5.5,0,0,0,0,0,2.243,0,0,0,0,0,0,0,0,0,0,0,0,3,15,6,3,2,0,8,8,3,5,4,No,13,8,18,17,12
9/1/2025 10:49,8/1/2025,295500,341400,18:50:00,32:00:00,228000,36570,332,32203,4513,0,10980,14175,16950,1700,62364,0,0,0,5.531,0,0,0,0,0,2.225,0,0,0,0,0,0,0,0,0,0,0,0,2,12,6,3,2,0,10,8,4,4,4,,12,8,17,15,0
10/1/2025 9:27,9/1/2025,236220,281280,19:20:00,31:45:00,191000,36360,360,29050,4308,0,16849,4332,17850,1850,55361,0,0,0,5.687,0,0,0,0,0,1.458,0,0,0,0,0,0,0,0,0,0,0,0,0,21,6,3,3,0,9,9,4,5,4,No,11,8,17,9,11
11/1/2025 9:18,10/1/2025,319800,288240,18:15:00,30:15:00,181000,17490,344,28690,4927,0,16849,4332,17250,1850,55361,0,0,0,5.625,0,0,0,0,0,1.406,0,0,0,0,0,0,0,0,0,0,0,0,0,0,6,0,3,0,9,8,4,5,4,No,10,8,18,8,12
12/1/2025 9:47,11/1/2025,278100,243000,16:20:00,26:15:00,220000,23390,367,26763,4831,0,14717,3784,16100,2100,48357,0,0,0,5.72,0,0,0,0,0,1.425,0,0,0,0,0,0,0,0,0,0,0,0,3,17,6,2,3,0,9,8,1,5,4,No,10,8,20,9,11
17/01/2025 09:09:30,16/01/2025,0,148560,11:20:00,13:55:00,38000,20280,377,22564,4947,0,12586,3236,15800,950,41354,0,0,0,5.668,0,0,0,0,0,1.406,0,0,0,0,0,0,0,0,0,0,0,0,0,20,4,3,1,0,12,5,1,4,4,No,9,8,8,7,9
18/01/2025 09:09:45,17/01/2025,83700,175920,17:05:00,22:24:00,122000,19970,357,28269,4845,14,10454,2688,10100,1150,34350,0,0,0,5.698,0,0,0,0,0,1.435,0,0,0,0,0,0,0,0,0,0,0,0,1,10,5,0,2,0,12,5,2,5,4,No,7,8,10,6,10
19/01/2025 09:23:15,18/01/2025,91980,249000,16:10:00,21:10:00,45000,10200,336,27930,5258,0,12586,3236,18550,2400,41354,0,0,0,5.548,0,0,0,0,0,1.419,0,0,0,0,0,0,0,0,0,0,0,0,1,10,5,0,2,0,12,7,2,5,4,No,9,8,11,8,11
20/01/2025 09:34:08,19/01/2025,123840,209400,16:15:00,21:16:00,60000,15100,332,28006,5390,6,12484,3210,18650,1500,41020,0,0,0,5.5,0,0,0,0,0,1.356,0,0,0,0,0,0,0,0,0,0,0,0,3,10,6,0,2,0,12,6,3,4,5,No,11,8,12,7,9
21/01/2025 09:05:20,20/01/2025,172800,207840,15:25:00,19:40:00,192000,18450,324,28756,5340,0,12687,3262,19400,2100,41687,0,0,0,5.717,0,0,0,0,0,1.398,0,0,0,0,0,0,0,0,0,0,0,0,0,10,6,3,2,0,12,7,2,5,5,No,11,8,13,8,9
22/01/2025 09:21:12,21/01/2025,212940,276360,17:00:00,22:10:00,92000,20070,381,30811,4945,0,12078,3105,17900,1450,39686,0,0,0,5.625,0,0,0,0,0,1.5,0,0,0,0,0,0,0,0,0,0,0,0,0,0,6,2,2,0,12,6,2,5,5,No,11,8,13,8,11
23/01/2025 09:29:35,22/01/2025,224460,234000,17:40:00,22:05:00,168000,19490,326,31377,4437,0,12687,3262,16600,2250,41687,0,0,0,5.614,0,0,0,0,0,1.445,0,0,0,0,0,0,0,0,0,0,0,0,0,20,6,0,2,0,12,7,2,4,4,No,11,8,14,9,14
24/01/2025 09:33:02,23/01/2025,267420,224820,14:45:00,21:00:00,123000,22190,343,32287,3149,0,12586,3236,17000,2800,41354,0,0,0,5.722,0,0,0,0,0,1.464,0,0,0,0,0,0,0,0,0,0,0,0,1,10,5,0,4,0,12,5,2,5,5,No,11,8,10,9,10
25/01/2025 09:40:36,24/01/2025,164880,199020,13:20:00,21:30:00,240000,28800,348,30786,3344,0,12687,3262,13600,1850,41687,0,0,0,5.577,0,0,0,0,0,2.229,0,0,0,0,0,0,0,0,0,0,0,0,1,15,6,2,2,0,12,6,2,5,3,No,8,8,12,8,10
26/01/2025 09:19:53,25/01/2025,238680,210780,14:10:00,21:45:00,264000,27720,353,30013,3687,0,12586,3236,18800,2700,41354,0,0,0,5.546,0,0,0,0,0,2.269,0,0,0,0,0,0,0,0,0,0,0,0,2,15,6,0,2,0,12,6,2,4,5,No,8,6,14,9,11
27/01/2025 09:05:02,26/01/2025,279300,214260,16:25:00,22:30:00,170000,24020,340,26614,5531,0,12687,3262,14600,1100,41687,0,0,0,5.755,0,0,0,0,0,1.432,0,0,0,0,0,0,0,0,0,0,0,0,0,0,6,0,2,0,12,5,0,5,5,No,9,8,13,9,12
28/01/2025 09:25:58,27/01/2025,298440,198300,14:25:00,22:15:00,0,21120,345,26305,5476,0,12484,3210,17550,2150,41020,0,0,0,5.531,0,0,0,0,0,1.425,0,0,0,0,0,0,0,0,0,0,0,0,0,10,6,2,2,0,12,7,0,5,4,No,6,7,10,11,8
29/01/2025 10:00:18,28/01/2025,296940,235020,16:05:00,21:45:00,152000,21290,328,24974,4906,2,12687,3262,17400,1850,41687,0,0,0,5.593,0,0,0,0,0,1.393,0,0,0,0,0,0,0,0,0,0,0,0,1,0,6,2,3,0,12,8,6,5,4,No,9,8,11,12,10
30/01/2025 11:30:12,29/01/2025,307020,230580,15:10:00,20:50:00,208000,14890,358,27277,3478,0,12586,14070,14100,750,41354,0,0,0,5.781,0,0,0,0,0,1.367,0,0,0,0,0,0,0,0,0,0,0,0,0,10,6,2,2,0,12,8,2,5,5,No,8,8,13,12,0
31/01/2025 09:57:58,30/01/2025,329580,216120,15:30:00,19:40:00,56000,24150,354,27199,3755,0,12687,14420,15300,1150,41687,0,0,0,5.483,0,0,0,0,0,1.423,0,0,0,0,0,0,0,0,0,0,0,9706.6,0,0,6,2,2,0,12,8,2,4,5,No,9,8,12,10,0
1/2/2025 9:19,31/01/2025,283140,238620,15:15:00,24:00:00,60000,22800,344,29161,4375,0,12586,3236,13550,1450,41354,0,0,0,5.625,0,0,0,0,0,1.5,0,0,0,0,0,0,0,0,0,0,0,0,0,12,6,2,2,0,12,7,2,5,5,No,8,8,11,10,13
2/2/2025 9:28,1/2/2025,260400,198060,11:05:00,21:40:00,155000,15750,328,32248,2896,0,12789,3288,14650,1450,42021,0,0,0,5.715,0,0,0,0,0,1.432,0,0,0,0,0,0,0,0,0,0,0,0,3,15,6,2,1,0,12,7,2,5,5,No,7,8,12,8,6
3/2/2025 9:15,2/2/2025,239340,146380,8:15:00,15:43:00,91000,5670,338,27288,3166,88,8323,2140,4950,250,27347,0,0,0,5.551,0,0,0,0,0,2.262,0,0,0,0,0,0,0,0,0,0,0,0,2,13,6,0,1,0,12,8,1,5,3,No,7,9,10,7,5
4/2/2025 9:15,3/2/2025,198960,147600,10:05:00,8:40:00,151000,10730,328,24944,4864,0,8424,2166,8150,1100,27680,0,0,0,5.62,0,0,0,0,0,2.28,0,0,0,0,0,0,0,0,0,0,0,0,0,13,5,0,4,0,12,7,1,4,4,No,0,7,11,8,8
7/2/2025 9:39,6/2/2025,126300,73620,4:20:00,0:00:00,102000,5430,304,15626,4925,0,6191,1592,8800,500,20343,0,0,0,0,0,0,0,0,0,0,0,0,0,0,0,0,0,0,0,0,0,0,0,0,6,2,6,0,12,8,0,5,5,No,8,7,9,0,12
8/2/2025 9:15,7/2/2025,143100,117000,6:00:00,10:05:00,36000,4830,316,10408,4825,4,4060,1044,9000,450,13340,0,0,0,5.468,0,0,0,0,0,1.4,0,0,0,0,0,0,0,0,0,0,0,0,0,0,6,0,6,0,10,7,6,5,5,No,8,7,10,6,12
9/2/2025 10:41,8/2/2025,134520,153000,12:35:00,16:15:00,52000,12560,309,19860,5323,0,8424,13650,14000,1050,27680,0,0,0,5.454,0,0,0,0,0,1.432,0,0,0,0,0,0,0,0,0,0,0,1838,10,0,6,1,3,0,11,6,2,5,5,No,8,7,12,0,10
10/2/2025 9:39,9/2/2025,117000,69000,5:25:00,7:35:00,35000,10950,292,16550,5203,0,6191,1592,13000,1400,20343,0,0,0,5.559,0,0,0,0,0,1.387,0,0,0,0,0,0,0,0,0,0,0,0,0,12,4,0,5,0,11,5,0,3,1,No,8,9,8,0,7
11/2/2025 9:17,10/2/2025,135840,251460,15:15:00,22:11:00,110000,18410,344,25496,5620,0,12789,3288,8515,600,42021,0,0,0,5.603,0,0,0,0,0,1.401,0,0,0,0,0,0,0,0,0,0,0,10214,2,0,4,0,2,0,11,5,1,4,2,No,7,9,11,0,8
12/2/2025 9:18,11/2/2025,156480,213000,14:55:00,21:30:00,86000,19150,330,24954,5139,0,12586,3236,10562,1500,41354,0,0,0,5.625,0,0,0,0,0,1.393,0,0,0,0,0,0,0,0,0,0,0,0,0,8,4,0,3,0,11,8,1,5,5,No,9,8,12,9,10
13/02/2025 09:05:57,12/2/2025,270720,224400,15:20:00,23:55:00,158000,25950,337,27069,5245,0,12586,3236,9342,750,41354,0,0,0,5.568,0,0,0,0,0,1.43,0,0,0,0,0,0,0,0,0,0,0,0,2,15,4,0,4,0,11,8,0,4,3,No,8,8,14,9,10
14/02/2025 08:56:43,13/02/2025,172380,199680,14:00:00,22:50:00,230000,24340,368,24276,5209,0,12586,3236,15015,1600,41354,0,0,0,5.478,0,0,0,0,0,1.406,0,0,0,0,0,0,0,0,0,0,0,0,2,15,5,0,7,0,11,8,2,2,5,No,8,8,12,9,9
15/02/2025 09:06:34,14/02/2025,148020,216660,15:45:00,22:12:00,147000,27110,346,21916,6280,0,12688,3263,14122,1500,41688,0,0,0,5.43,0,0,0,0,0,1.455,0,0,0,0,0,0,0,0,0,0,0,0,1,5,5,0,6,0,11,8,2,4,5,No,10,8,13,9,9
16/02/2025 09:18:09,15/02/2025,252300,233520,14:55:00,21:00:00,154000,23350,327,20957,6217,0,3892,3236,9308,800,41354,0,0,0,5.645,0,0,0,0,0,1.432,0,0,0,0,0,0,0,0,0,0,0,0,0,10,5,0,6,0,11,7,2,2,5,No,11,8,9,9,9
17/02/2025 09:14:22,16/02/2025,224280,216000,12:20:00,22:27:00,134000,22700,325,22829,5796,0,12484,3210,8375,1800,41020,0,0,0,5.621,0,0,0,0,0,1.403,0,0,0,0,0,0,0,0,0,0,0,0,2,0,4,3,6,0,11,5,1,5,4,No,11,8,12,9,9
18/02/2025 09:30:56,17/02/2025,274380,224820,11:10:00,20:25:00,100000,13030,347,23550,4172,0,12484,3210,7920,1000,41020,0,0,0,5.604,0,0,0,0,0,1.419,0,0,0,0,0,0,0,0,0,0,0,0,0,10,5,3,5,0,10,6,2,5,5,No,12,8,14,9,9
19/02/2025 12:25:49,18/02/2025,233700,217080,13:40:00,22:21:00,279000,124000,353,3.64,5012,16,12586,3236,10875,1100,0,0,0,11,8.7,0,0,0,0,0,1.393,2.268,0,0,0,0,0,0,0,0,0,0,13866,0,8,5,3,5,2,0,1,2,10,4,,12,8,23,11,13
20/02/2025 12:38:54,19/02/2025,277680,244140,12:40:00,22:05:00,190000,18180,355,23538,3728,0,12586,5394,12350,1250,39556,0,0,0,5.774,0,0,0,0,0,1.445,2.442,0,0,0,0,0,0,0,0,0,0,5351,0,10,4,0,7,4,10,7,3,9,3,,12,8,19,11,9
21/02/2025 10:30:16,20/02/2025,188280,225240,13:55:00,18:31:00,150000,125000,380,3.8,1460,0,12687,5437,11000,1300,11,0,0,0,9,8.5,0,0,0,0,1.443,1.443,0,0,0,0,0,0,0,0,0,0,23716,2,10,4,0,3,3,0,2,3,2,3,,12,8,14,11,10
22/02/2025 10:30:59,21/02/2025,164220,286680,14:50:00,22:40:00,237000,20010,375,22477,6047,0,14616,5011,11300,850,45936,0,0,0,5.483,0,0,0,0,0,1.419,0,0,0,0,0,0,0,0,0,0,0,5738,0,10,4,2,7,0,10,7,3,5,3,No,12,8,13,10,12
23/02/2025 09:33:40,22/02/2025,227880,249960,16:30:00,19:55:00,142000,28530,371,25847,3385,29,14717,3784,8550,1600,48357,0,0,0,5.554,0,0,0,0,0,1.438,0,0,0,0,0,0,0,0,0,0,0,0,0,7,4,2,4,0,10,8,3,5,3,No,12,8,10,10,11
24/02/2025 09:06:24,23/02/2025,287880,218940,13:00:00,23:40:00,134000,14230,368,28294,5815,0,12586,3236,10600,900,41354,0,0,0,5.647,0,0,0,0,0,1.381,0,0,0,0,0,0,0,0,0,0,0,0,1,13,4,1,5,0,7,7,1,4,2,No,12,8,10,12,5
25/02/2025 09:10:46,24/02/2025,249300,257520,12:35:00,23:40:00,105000,33670,373,29167,6162,0,14717,3784,10500,1400,48357,0,0,0,5.674,0,0,0,0,0,1.4,0,0,0,0,0,0,0,0,0,0,0,0,0,11,6,0,4,0,7,6,1,5,2,No,13,8,11,12,11
26/02/2025 09:14:57,25/02/2025,265680,242460,13:00:00,23:40:00,174000,27570,363,28502,5565,0,12687,3262,10725,1700,41687,0,0,0,5.674,0,0,0,0,0,1.354,0,0,0,0,0,0,0,0,0,0,0,0,1,6,6,0,3,0,9,6,2,5,2,No,10,9,9,12,11
27/02/2025 09:10:26,26/02/2025,281280,271080,16:15:00,23:10:00,132000,21120,353,25150,4735,0,14717,3784,8500,1400,48357,0,0,0,5.483,0,0,0,0,0,1.47,0,0,0,0,0,0,0,0,0,0,0,0,0,0,6,0,2,0,9,7,1,4,3,No,10,8,8,12,13
28/02/2025 09:24:19,27/02/2025,242880,230700,11:05:00,24:00:00,98000,26610,348,26126,4965,0,14616,3758,8800,1300,48024,0,0,0,5.576,0,0,0,0,0,1.468,0,0,0,0,0,0,0,0,0,0,0,0,0,15,6,0,3,0,10,6,1,5,2,No,12,8,10,12,15
1/3/2025 8:55,28/02/2025,253980,246540,14:25:00,22:45:00,180000,23490,351,22655,5394,2,12586,5394,10600,800,39556,0,0,0,5.741,0,0,0,0,0,1.393,0,0,0,0,0,0,0,0,0,0,0,0,0,10,6,0,4,0,10,7,1,5,3,No,9,9,11,11,12
2/3/2025 9:26,1/3/2025,154560,181500,12:45:00,22:15:00,155000,11310,290,18767,5618,10,8424,3610,9300,1250,26477,0,0,0,5.468,0,0,0,0,0,1.456,0,0,0,0,0,0,0,0,0,0,0,0,2,10,6,0,1,0,10,8,1,5,3,No,8,9,11,11,9
4/3/2025 9:13,3/3/2025,228600,217920,14:45:00,17:20:00,165000,24640,382,16975,5505,5,12687,3262,9400,1400,41687,0,0,0,5.483,0,0,0,0,0,1.451,0,0,0,0,0,0,0,0,0,0,0,0,0,0,5,1,3,0,11,6,1,4,4,No,11,9,13,11,5
5/3/2025 9:01,4/3/2025,127920,167100,12:20:00,23:06:00,110000,11810,335,19282,6610,5,12586,3236,11300,900,41354,0,0,0,5.483,0,0,0,0,0,1.451,0,0,0,0,0,0,0,0,0,0,0,0,2,20,5,0,7,0,11,7,2,4,3,No,11,7,11,11,7
6/3/2025 8:57,5/3/2025,242400,253260,15:15:00,22:40:00,125000,17480,332,20932,6085,64,12687,3262,10550,1000,41687,0,0,0,5.606,0,0,0,0,0,1.436,0,0,0,0,0,0,0,0,0,0,0,0,1,20,6,0,4,0,11,5,1,5,3,No,11,8,11,10,10
7/3/2025 8:49,6/3/2025,154800,234060,14:55:00,23:40:00,234000,20800,321,20722,6959,0,12586,3236,9600,1150,41354,0,0,0,5.63,0,0,0,0,0,1.479,0,0,0,0,0,0,0,0,0,0,0,0,1,10,6,0,5,0,11,7,5,5,4,No,12,8,12,12,9
8/3/2025 8:55,7/3/2025,170700,289020,15:15:00,23:25:00,132000,21270,313,27484,6372,36,14616,3758,12150,1600,48024,0,0,0,5.515,0,0,0,0,0,1.46,0,0,0,0,0,0,0,0,0,0,0,14230,2,15,6,0,7,0,11,8,4,5,5,No,11,9,15,11,12
9/3/2025 8:57,8/3/2025,180300,263040,15:05:00,23:00:00,192000,26220,375,25818,6314,2,14717,3784,12950,1100,48375,0,0,0,5.693,0,0,0,0,0,1.425,0,0,0,0,0,0,0,0,0,0,0,0,1,10,6,0,7,0,11,8,4,5,5,No,11,9,13,10,10
10/3/2025 8:57,8/3/2025,238320,242340,16:45:00,22:45:00,104000,22630,355,25283,5421,7,14717,3784,9800,1000,48357,0,0,0,5.645,0,0,0,0,0,1.406,0,0,0,0,0,0,0,0,0,0,0,0,0,0,6,0,6,0,11,8,4,5,4,No,7,9,12,9,10
11/3/2025 8:47,10/3/2025,212820,239820,15:30:00,23:25:00,165000,13890,339,23116,5708,0,14819,3810,10650,1200,48691,0,0,0,5.483,0,0,0,0,0,1.47,0,0,0,0,0,0,0,0,0,0,0,0,1,20,5,0,7,0,9,8,4,5,5,No,8,9,12,9,9
12/3/2025 9:19,11/3/2025,226260,260880,14:50:00,23:25:00,145000,18750,351,25509,4894,0,12586,5394,10450,1000,41354,0,0,0,5.774,0,0,0,0,0,1.393,0,0,0,0,0,0,0,0,0,0,0,0,1,10,5,0,7,0,10,6,3,5,5,No,9,8,12,6,9
13/03/2025 09:06:03,12/3/2025,185700,194520,12:25:00,22:35:00,106000,20130,356,26911,5722,5,12586,3236,10560,1300,41354,0,0,0,5.454,0,0,0,0,0,1.442,0,0,0,0,0,0,0,0,0,0,0,19052,1,10,6,0,9,0,10,7,4,4,5,No,9,8,12,7,9
14/03/2025 09:05:46,13/03/2025,167700,244260,16:05:00,21:45:00,87000,18870,353,25575,5267,0,12687,3262,10500,1000,41687,0,0,0,5.468,0,0,0,0,0,1.393,0,0,0,0,0,0,0,0,0,0,0,7147,2,10,5,0,7,0,10,8,3,4,4,No,9,8,10,9,5
16/03/2025 10:56:00,14/03/2025,84480,216300,12:15:00,23:15:00,74000,15200,294,21273,5470,0,12586,3236,10100,1200,41354,0,0,0,5.562,0,0,0,0,0,1.375,0,0,0,0,0,0,0,0,0,0,0,0,0,0,5,0,0,0,10,6,4,2,4,No,5,8,7,8,2
17/03/2025 09:01:56,16/03/2025,111180,147060,10:05:00,22:00:00,51000,20540,380,17222,4065,8,10353,2662,11750,1300,34017,0,0,0,5.503,0,0,0,0,0,1.415,0,0,0,0,0,0,0,0,0,0,0,0,1,10,5,0,3,0,10,5,3,4,4,No,6,8,10,8,8
18/03/2025 10:02:48,17/03/2025,140820,121440,9:15:00,14:04:00,145000,15240,327,25519,4363,0,8424,2142,2000,400,27680,0,0,0,5.539,0,0,0,0,0,1.446,0,0,0,0,0,0,0,0,0,0,0,0,1,10,6,2,3,0,10,6,4,5,3,No,6,8,15,8,11
19/03/2025 09:11:43,18/03/2025,135060,142500,10:40:00,21:46:00,246000,12870,337,26529,5600,0,8323,2140,8900,900,27347,0,0,0,5.454,0,0,0,0,0,1.43,0,0,0,0,0,0,0,0,0,0,0,0,0,10,6,3,3,0,10,6,3,5,1,No,8,8,16,9,8
20/03/2025 09:09:14,19/03/2025,171720,142080,9:45:00,13:42:00,105000,13660,332,23624,5724,0,8424,2166,10900,1500,27680,0,0,0,5.539,0,0,0,0,0,1.446,0,0,0,0,0,0,0,0,0,0,0,0,0,10,6,3,4,0,10,6,6,5,4,No,10,8,16,11,11
21/03/2025 09:03:03,20/03/2025,217620,164340,9:50:00,9:50:00,170000,13380,319,27840,3029,0,8424,2166,9900,1600,27680,0,0,0,5.539,0,0,0,0,0,2.236,0,0,0,0,0,0,0,0,0,0,0,0,1,10,6,3,3,0,10,8,4,2,4,No,11,8,17,11,13
22/03/2025 09:31:25,21/03/2025,170460,147000,6:35:00,15:42:00,135000,14490,335,30043,1739,0,8323,2140,12300,1400,27347,0,0,0,5.509,0,0,0,0,0,2.228,0,0,0,0,0,0,0,0,0,0,0,0,1,10,5,3,2,0,10,8,3,5,4,No,11,8,12,11,8
23/03/2025 09:07:13,22/03/2025,136260,147960,7:40:00,17:27:00,35000,11640,359,27926,3057,22,8526,2192,11700,1700,28014,0,0,0,5.683,0,0,0,0,0,1.432,0,0,0,0,0,0,0,0,0,0,0,0,0,10,5,3,4,0,10,7,4,5,4,No,11,10,14,10,10
24/03/2025 08:57:25,23/03/2025,107340,151320,10:50:00,15:37:00,85000,14400,352,25892,4077,12,8323,2140,12050,1800,27347,0,0,0,5.609,0,0,0,0,0,1.452,0,0,0,0,0,0,0,0,0,0,0,0,1,0,5,2,7,0,10,9,4,4,4,No,9,9,13,9,10
26/03/2025 11:38:07,24/03/2025,90,0,0:00:00,0:00:00,0,0,0,0,0,0,99,0,0,0,0,0,0,0,0,0,0,0,0,0,0,0,0,0,0,0,0,0,0,0,0,0,0,0,0,0,0,0,0,0,0,0,0,0,,0,0,0,0,0
26/03/2025 11:50:54,25/03/2025,199080,215760,12:45:00,23:20:00,207,187000,361,3.46,6104,0,12687,5437,9500,1000,12,11.5,0,0,8.7,8,0,0,0,0,2.3,1.496,0,9,0,0,9,0,0,0,0,0,14108,0,10,6,3,3,0,12,3,4,5,5,,8,9,16,12,0
27/03/2025 09:09:31,26/03/2025,225060,247200,14:51:00,22:30:00,167000,22050,359,24483,6071,12,12586,3236,12600,1600,41354,0,0,0,5.546,0,0,0,0,0,1.462,0,0,0,0,0,0,0,0,0,0,0,0,0,0,6,0,2,0,10,9,4,5,5,No,9,9,14,14,9
28/03/2025 09:16:30,27/03/2025,250320,223440,16:04:00,23:36:00,104000,16110,347,22257,5826,5,12484,3210,11050,1700,41020,0,0,0,5.619,0,0,0,0,0,1.412,0,0,0,0,0,0,0,0,0,0,0,0,2,5,6,3,3,0,10,7,3,3,4,No,10,10,16,14,11
29/03/2025 09:11:23,28/03/2025,111600,218640,13:50:00,21:30:00,212000,19090,361,19761,6444,0,12586,3236,12400,1600,41354,0,0,0,5.524,0,0,0,0,0,1.395,0,0,0,0,0,0,0,0,0,0,0,0,0,0,6,3,3,0,10,8,4,5,5,No,8,9,13,13,12
30/03/2025 09:11:50,29/03/2025,193560,218760,13:35:00,23:29:00,94000,23400,328,22380,6594,0,12687,3262,10150,1700,41687,0,0,0,5.61,0,0,0,0,0,1.43,0,0,0,0,0,0,0,0,0,0,0,0,0,10,5,2,3,0,10,8,4,5,5,No,11,9,12,13,9
31/03/2025 09:07:50,30/03/2025,171300,157860,11:20:00,15:29:00,171000,14530,336,18545,6026,0,8424,2166,12150,1200,27680,0,0,0,5.593,0,0,0,0,0,1.312,0,0,0,0,0,0,0,0,0,0,0,0,1,15,5,0,1,0,10,4,4,3,2,No,9,9,12,12,6
1/4/2025 9:08,31/03/2025,114240,166260,8:05:00,13:35:00,30000,8460,331,16544,5464,0,8221,2114,12000,700,27013,0,0,0,5.637,0,0,0,0,0,1.449,0,0,0,0,0,0,0,0,0,0,0,0,0,0,5,0,4,0,10,6,2,3,5,No,9,9,9,9,10
2/4/2025 11:44,1/4/2025,137340,143400,9:30:00,15:30:00,140000,8530,347,16224,5572,0,8424,2166,13530,900,27680,0,0,0,5.444,0,0,0,0,0,1.46,0,0,0,0,0,0,0,0,0,0,0,0,2,15,5,0,5,0,9,8,3,3,5,no,9,11,15,9,10
3/4/2025 10:44,2/4/2025,195360,138000,9:00:00,14:35:00,42000,7110,345,16637,5683,0,8120,2088,13450,500,26680,0,0,0,5.64,0,0,0,0,0,1.453,0,0,0,0,0,0,0,0,0,0,0,0,2,15,5,0,5,0,8,8,2,5,6,,9,10,15,8,10
4/4/2025 14:02,3/4/2025,63060,110160,6:10:00,10:42:00,156000,8590,335,13783,5595,60,8221,2114,10600,800,27013,0,0,0,5.533,0,0,0,0,0,1.427,0,0,0,0,0,0,0,0,0,0,0,0,2,10,5,0,5,0,8,8,3,5,6,no,10,10,16,9,12
5/4/2025 11:13,4/4/2025,149400,156240,9:50:00,18:05:00,72000,8020,333,10731,3508,0,8526,2192,14600,1500,28014,0,0,0,5.639,0,0,0,0,0,1.43,0,0,0,0,0,0,0,0,0,0,0,0,0,0,5,0,5,0,8,7,4,4,6,NO,10,10,19,8,11
7/4/2025 10:37,5/4/2025,112740,169800,9:30:00,17:30:00,52000,8140,323,9222,4271,0,8424,2166,11900,600,27680,0,0,0,5.666,0,0,0,0,0,1.432,0,0,0,0,0,0,0,0,0,0,0,0,0,10,3,0,4,0,8,7,4,5,5,NO,10,8,15,9,8
7/4/2025 11:59,6/4/2025,97920,89940,7:50:00,17:10:00,11160,149400,332,7641,4979,0,10831,3610,7350,1000,27680,0,0,0,5422,0,0,0,0,0,1633,0,0,0,0,0,0,0,0,0,0,0,6658,2,10,2,2,3,0,8,7,2,2,5,NO,9,8,12,8,22
8/4/2025 12:23,7/4/2025,88920,176700,10:55:00,12:35:00,78000,8160,334,13025,6750,0,8323,2140,10150,1700,27347,0,0,0,5.604,0,0,0,0,0,1.462,0,0,0,0,0,0,0,0,0,0,0,0,2,10,4,0,5,0,5,8,4,5,6,no,9,9,12,10,11
9/4/2025 17:23,8/4/2025,65580,141000,9:25:00,12:05:00,71000,10710,387,18572,6280,0,8221,2114,12600,1800,27013,0,0,0,5.683,0,0,0,0,0,1.434,0,0,0,0,0,0,0,0,0,0,0,0,0,0,4,2,5,0,5,5,3,4,6,no,9,8,16,8,11
10/4/2025 16:34,9/4/2025,101820,147000,8:35:00,14:55:00,214000,10600,351,20267,6593,0,8424,2166,11000,1700,27680,0,0,0,5.677,0,0,0,0,0,1.445,0,0,0,0,0,0,0,0,0,0,0,0,0,10,5,2,3,0,5,8,4,5,3,NO,9,9,13,8,10
11/4/2025 13:30,10/4/2025,29940,159480,9:00:00,21:05:00,195000,8330,351,24180,6642,5,8424,2166,14600,1700,27680,0,0,0,5.668,0,0,0,0,0,1.46,0,0,0,0,0,0,0,0,0,0,0,0,0,0,5,2,3,0,4,8,2,4,5,,11,9,17,8,11
12/4/2025 16:49,11/4/2025,141720,204480,11:55:00,20:00:00,140000,27600,383,23543,6982,10,12484,3210,12450,1900,41020,0,0,0,5.666,0,0,0,0,0,1.494,0,0,0,0,0,0,0,0,0,0,0,0,0,10,6,0,3,0,5,8,3,3,5,,10,9,13,7,6
13/04/2025 16:27:32,12/4/2025,91740,180000,14:50:00,22:40:00,157000,20560,320,25084,6406,0,12586,3236,14050,1600,41354,0,0,0,5641,0,0,0,0,0,1.516,0,0,0,0,0,0,0,0,0,0,0,0,0,10,6,0,2,0,5,7,3,4,5,,10,8,7,8,10
14/04/2025 16:52:57,13/04/2025,207540,216000,16:50:00,24:20:00,182000,28740,365,22577,6094,5,12586,3236,13600,1200,41354,0,0,0,5.548,0,0,0,0,0,2.634,0,0,0,0,0,0,0,0,0,0,0,0,2,10,5,0,3,0,5,7,3,5,2,,9,7,13,8,7
16/04/2025 16:14:46,14/04/2025,157860,266400,18:25:00,20:05:00,60000,19630,347,20170,5392,53,12687,3262,11400,900,41687,0,0,0,5.541,0,0,0,0,0,2.946,0,0,0,0,0,0,0,0,0,0,0,4012,0,0,6,0,3,0,5,7,4,5,4,,11,8,10,8,9
17/04/2025 09:17:59,15/04/2025,142800,236280,14:50:00,22:44:00,72000,21990,356,20219,6742,0,12586,3236,11450,1200,41354,0,0,0,5.604,0,0,0,0,0,2.942,0,0,0,0,0,0,0,0,0,0,0,0,0,8,4,0,3,0,5,7,4,4,3,,9,7,13,6,12
17/04/2025 12:33:32,16/04/2025,40560,153000,12:00:00,19:40:00,179000,19860,391,19323,6943,0,10251,2636,14800,1000,33683,0,0,0,5.621,0,0,0,0,0,2.805,0,0,0,0,0,0,0,0,0,0,0,0,2,0,4,2,6,0,5,6,4,5,3,,11,7,11,6,11
18/04/2025 14:50:31,17/04/2025,209100,222420,14:18:00,18:35:00,72000,17620,329,19445,6290,1.08,12586,3236,12500,1500,41354,0,0,0,5.578,0,0,0,0,0,2.815,0,0,0,0,0,0,0,0,0,0,0,0,2,10,5,2,3,0,5,5,2,4,3,,10,7,12,7,11
19/04/2025 12:11:47,18/04/2025,233220,227640,14:50:00,23:30:00,82000,24810,365,26026,2655,0,12586,3236,9600,1700,41354,0,0,0,5.699,0,0,0,0,0,2.895,0,0,0,0,0,0,0,0,0,0,0,0,0,10,5,2,3,0,5,6,4,5,2,,10,7,11,6,10
21/04/2025 17:38:55,19/04/2025,139500,218760,15:25:00,22:58:00,187000,15480,353,23979,5751,0,12586,3236,0,0,41354,0,0,0,5.646,0,0,0,0,0,2.946,0,0,0,0,0,0,0,0,0,0,0,0,0,0,5,0,2,0,5,7,4,2,2,,10,8,13,8,7
21/04/2025 19:35:22,20/04/2025,193980,191820,12:40:00,20:40:00,105000,20830,361,24130,5320,0,12687,3262,0,0,41687,0,0,0,5.618,0,0,0,0,0,2.776,0,0,0,0,0,0,0,0,0,0,0,0,2,12,4,0,0,0,5,7,1,4,2,,11,7,14,8,8
22/04/2025 16:30:33,21/04/2025,246300,211020,16:35:00,21:21:00,165000,21770,365,24011,6215,1.03,12586,3236,0,0,0,0,0,0,5.63,0,0,0,0,0,2.301,0,0,0,0,0,0,0,0,0,0,0,0,0,10,4,0,4,0,5,8,2,3,2,,9,8,13,8,11
23/04/2025 12:59:35,22/04/2025,239580,255300,15:15:00,23:21:00,142000,21050,339,26519,6360,0,12586,3236,0,0,41354,0,0,0,5.698,0,0,0,0,0,2.957,0,0,0,0,0,0,0,0,0,0,0,0,3,10,4,0,2,0,5,7,4,5,3,,12,7,14,9,10
24/04/2025 13:31:59,23/04/2025,273480,198780,12:37:00,20:26:00,113000,19610,359,22884,7317,0,12586,3236,3650,1200,41354,0,0,0,5.225,0,0,0,0,0,2.89,0,0,0,0,0,0,0,0,0,0,0,0,2,10,5,0,2,0,5,7,4,5,3,,10,7,16,8,8
25/04/2025 11:44:24,24/04/2025,213360,198420,15:15:00,23:25:00,175000,25340,359,25054,7060,0,12586,3236,6500,1200,41354,0,0,0,5.677,0,0,0,0,0,3.01,0,0,0,0,0,0,0,0,0,0,0,0,0,10,5,0,2,0,5,7,4,4,2,,9,7,14,7,9
26/04/2025 13:27:43,25/04/2025,164340,230160,25:04:25,23:45:00,154000,19630,334,23581,6876,0,12586,3236,6000,700,41354,0,0,0,5.567,0,0,0,0,0,3.084,0,0,0,0,0,0,0,0,0,0,0,0,2,10,4,0,2,0,5,7,4,4,4,,10,7,20,9,9
28/04/2025 09:49:57,26/04/2025,117720,197940,14:20:00,21:30:00,151000,17310,338,23392,6676,2,12687,3262,1450,300,41687,0,0,0,5.696,0,0,0,0,0,3.124,0,0,0,0,0,0,0,0,0,0,0,0,2,12687,5,0,1,0,5,7,4,5,5,,10,10,20,9,6
28/04/2025 11:25:05,27/04/2025,225060,258120,15:15:00,23:13:00,16800,21720,354,23345,3911,0,12586,3236,5050,500,41354,0,0,0,5.656,0,0,0,0,0,3.068,0,0,0,0,0,0,0,0,0,0,0,0,0,10,4,0,3,0,5,8,2,5,5,,8,10,14,9,10
29/04/2025 11:07:44,28/04/2025,177600,159480,7:35:00,14:30:00,166000,16800,370,18718,4655,0,8526,2192,4100,1000,28014,0,0,0,5.437,0,0,0,0,0,2.818,0,0,0,0,0,0,0,0,0,0,0,0,1,10,4,0,3,0,5,7,3,5,5,,11,10,15,9,7
30/04/2025 10:43:21,29/04/2025,206040,138600,9:30:00,16:19:00,140000,16260,344,17834,5593,3,8424,2160,1300,0,27680,0,0,0,5.688,0,0,0,0,0,2.945,0,0,0,0,0,0,0,0,0,0,0,0,0,0,4,0,3,0,5,5,3,5,5,,11,7,13,7,9
2/5/2025 18:58,30/04/2025,193320,189240,10:40:00,13:05:00,193000,9510,360,15963,4985,2.17,8424,2166,6500,600,27680,0,0,0,5.645,0,0,0,0,0,2.88,0,0,0,0,0,0,0,0,0,0,0,0,0,0,5,0,2,0,5,8,3,4,1,,11,8,8,9,4
6/5/2025 13:07,4/5/2025,170400,142620,8:20:00,17:35:00,105000,15480,351,21125,7507,4,8424,2166,5000,800,27680,0,0,0,5.566,0,0,0,0,0,3.15,0,0,0,0,0,0,0,0,0,0,0,0,1,10,4,0,3,0,5,4,1,5,2,,8,8,12,10,7
6/5/2025 17:11,3/5/2025,229920,110160,6:45:00,12:24:00,179000,8880,340,18809,6524,35,8526,2192,5200,800,28014,0,0,0,5.656,0,0,0,0,0,3.087,0,0,0,0,0,0,0,0,0,0,0,0,2,10,5,0,3,0,5,5,3,5,2,,11,8,14,8,9
8/5/2025 16:56,7/5/2025,208260,132960,8:30:00,14:25:00,106000,14850,332,22329,6640,1.18,8526,2192,4500,850,28014,0,0,0,5.625,0,0,0,0,0,3.025,0,0,0,0,0,0,0,0,0,0,0,0,0,0,5,0,3,0,5,6,3,4,2,,9,8,12,10,8
9/5/2025 13:26,6/5/2025,157560,188760,11:25:00,18:10:00,102000,17440,344,27387,5794,0,8323,2140,5850,1100,27348,0,0,0,5468,0,0,0,0,0,3.156,0,0,0,0,0,0,0,0,0,0,0,0,2,10,5,0,1,0,5,4,2,4,2,,8,8,11,11,9
9/5/2025 16:11,5/5/2025,98460,147960,10:10:00,16:21:00,41000,14800,341,24815,6533,0,8424,2166,5400,700,27680,0,0,0,5625,0,0,0,0,0,3.025,0,0,0,0,0,0,0,0,0,0,0,0,0,0,4,0,2,0,5,5,2,5,1,,8,8,12,12,7
9/5/2025 17:33,30/04/2025,193320,189240,10:40:00,13:05:00,193000,9510,360,15963,4985,2.17,8424,2166,6500,600,27680,0,0,0,5.645,0,0,0,0,0,2.88,0,0,0,0,0,0,0,0,0,0,0,0,0,0,5,0,2,0,5,8,3,4,1,,11,8,8,9,4
9/5/2025 18:50,29/04/2025,206040,138600,9:30:00,16:19:00,140000,16260,344,17834,5593,3,8424,2166,1300,0,27680,0,0,0,5.688,0,0,0,0,0,2.945,0,0,0,0,0,0,0,0,0,0,0,0,0,0,4,0,3,0,5,5,3,5,5,,11,7,13,7,9
10/5/2025 10:55,9/5/2025,83340,76800,5:35:00,12:45:00,95000,9250,390,20516,6682,0,4161,1070,8500,1300,13673,0,0,0,5.566,0,0,0,0,0,3.093,0,0,0,0,0,0,0,0,0,0,0,0,0,0,7,0,3,0,4,4,3,5,3,,10,6,18,8,9
10/5/2025 12:26,8/5/2025,111000,110520,7:45:00,7:42:00,141000,17340,345,21174,6372,9,8526,2192,4450,900,28014,0,0,0,5.532,0,0,0,0,0,2.933,0,0,0,0,0,0,0,0,0,0,0,0,0,10,5,0,3,0,5,6,3,4,3,,9,6,15,8,10
11/5/2025 14:00,10/5/2025,218340,140160,11:40:00,12:00:00,95000,15600,341,21747,6955,0,8526,2192,1910,700,28014,0,0,0,5.468,0,0,0,0,0,3.012,0,0,0,0,0,0,0,0,0,0,0,0,2,10,7,0,2,0,3,6,4,5,3,,5,7,14,8,9
12/5/2025 10:26,11/5/2025,85450,144720,11:25:00,14:30:00,87000,147600,327,22933,7685,0,7134,3567,10200,1100,27347,0,0,0,5.647,0,0,0,0,0,3.9,0,0,0,0,0,0,0,0,0,0,0,7690,0,0,7,0,0,0,3,6,3,5,3,,8,7,14,7,9
13/05/2025 15:40:00,12/5/2025,79800,143400,12:30:00,14:11:00,197000,149400,292,17127,6551,0,7221,3610,1050,750,27680,0,0,0,5.593,0,0,0,0,0,3.812,0,0,0,0,0,0,0,0,0,0,0,306012,0,0,7,0,7,0,4,5,4,5,3,,7,7,24,7,7
14/05/2025 15:33:59,13/05/2025,174360,202860,13:50:00,15:05:00,27000,149400,372,17591,7087,0,7221,3610,11100,1050,27680,0,0,0,5.7,0,0,0,0,0,4.18,0,0,0,0,0,0,0,0,0,0,0,2973,0,10,7,0,1,0,4,5,3,5,2,,0,7,24,7,8
16/05/2025 11:35:06,14/05/2025,114120,93420,7:15:00,14:43:00,90000,6060,377,17119,6898,0,7221,2884,8400,1350,27680,0,0,0,5.645,0,0,0,0,0,3.181,0,0,0,0,0,0,0,0,0,0,0,0,1,0,7,0,1,0,4,4,4,4,2,,9,7,16,7,12
16/05/2025 13:28:02,15/05/2025,109620,179220,12:35:00,18:20:00,131000,13390,351,18923,6148,31,8323,2140,5950,800,27347,0,0,0,5.693,0,0,0,0,0,3.05,0,0,0,0,0,0,0,0,0,0,0,0,1,0,7,0,1,0,4,4,3,5,1,,7,7,16,8,8
17/05/2025 13:49:03,16/05/2025,120000,165540,13:40:00,12:55:00,40000,10020,356,18880,5936,5,8526,2192,7350,900,28014,0,0,0,5.463,0,0,0,0,0,3.05,0,0,0,0,0,0,0,0,0,0,0,0,2,0,7,0,2,1,4,5,4,5,3,,7,7,15,7,10
18/05/2025 14:10:37,17/05/2025,213180,140400,10:05:00,15:03:00,105000,16900,350,18054,6296,39,8424,2166,9250,1400,27680,0,0,0,5.623,0,0,0,0,0,3.175,0,0,0,0,0,0,0,0,0,0,0,0,2,9,7,0,2,0,4,5,8,4,3,,7,7,14,7,13
19/05/2025 13:48:08,18/05/2025,174180,145560,9:55:00,13:57:00,175000,12010,362,19001,4761,0,8323,2140,10023,2200,27347,0,0,0,5.548,0,0,0,0,0,3.03,0,0,0,0,0,0,0,0,0,0,0,0,1,0,7,0,3,0,4,4,7,5,2,,8,7,14,8,12
20/05/2025 12:39:22,19/05/2025,195300,151500,10:35:00,15:15:00,107000,10170,350,19040,6365,0,8526,2192,9542,2000,28014,0,0,0,5.674,0,0,0,0,0,3.186,0,0,0,0,0,0,0,0,0,0,0,0,0,7,5,0,3,0,4,4,7,5,3,,8,8,10,7,9
21/05/2025 15:58:46,20/05/2025,128280,146520,10:30:00,13:48:00,182000,8330,337,15291,6921,34,8424,2166,8150,1200,27680,0,0,0,5.505,0,0,0,0,0,3.126,0,0,0,0,0,0,0,0,0,0,0,0,0,14,7,0,6,0,4,4,8,5,2,,9,7,8,8,12
23/05/2025 09:25:10,21/05/2025,149820,155700,11:50:00,19:29:00,10000,5070,381,16893,5903,49,8424,2166,9600,800,27680,0,0,0,5.637,0,0,0,0,0,2.987,0,0,0,0,0,0,0,0,0,0,0,0,0,0,8,0,6,0,4,5,8,5,2,,9,7,12,8,15
23/05/2025 14:08:14,22/05/2025,102900,137940,11:25:00,14:55:00,201000,6910,367,16733,4,4,8424,2166,10150,1500,27680,0,0,0,5.639,0,0,0,0,0,3.175,0,0,0,0,0,0,0,0,0,0,0,0,0,0,9,0,6,0,4,5,8,5,2,,9,7,0,10,12
24/05/2025 11:04:52,23/05/2025,144480,147600,10:05:00,7:25:00,136000,8370,374,19188,4642,5,8424,2166,8775,800,27680,0,0,0,5666,0,0,0,0,0,3.133,0,0,0,0,0,0,0,0,0,0,0,0,0,9,9,0,2,0,4,5,8,4,3,,9,7,12,9,11
25/05/2025 15:58:00,24/05/2025,153900,133200,11:00:00,15:25:00,177000,9040,337,25400,3762,0,8424,2166,8125,1600,27680,0,0,0,5.526,0,0,0,0,0,2.8,0,0,0,0,0,0,0,0,0,0,0,0,2,10,10,0,2,0,4,6,8,5,3,,8,7,10,10,13
26/05/2025 17:38:52,25/05/2025,153060,170100,11:10:00,14:09:00,41000,10170,368,25738,4846,11,8424,2166,9675,1200,27680,0,0,0,5.504,0,0,0,0,0,2.769,0,0,0,0,0,0,0,0,0,0,0,0,0,0,7,0,3,0,4,4,9,5,2,,9,8,10,10,4
27/05/2025 12:00:01,26/05/2025,96300,142260,11:30:00,15:10:00,43000,7200,352,29298,4153,0,8424,2166,12480,1400,27680,0,0,0,5.593,0,0,0,0,0,2.751,0,0,0,0,0,0,0,0,0,0,0,0,0,0,8,0,2,0,4,5,9,5,2,,9,7,13,9,8
28/05/2025 17:42:06,27/05/2025,101460,131520,9:00:00,10:25:00,71000,16000,358,24551,6171,0,8424,2166,12540,2600,27680,0,0,0,5.369,0,0,0,0,0,3.26,0,0,0,0,0,0,0,0,0,0,0,0,0,0,7,0,2,0,4,4,9,4,2,,8,7,15,9,17
29/05/2025 14:21:33,28/05/2025,137760,151740,11:15:00,20:00:00,135000,11000,354,26293,6350,0,8424,2166,12375,2600,27680,0,0,0,5.53,0,0,0,0,0,2.975,0,0,0,0,0,0,0,0,0,0,0,0,0,0,6,0,1,0,6,5,9,4,2,,8,7,15,9,13
30/05/2025 18:27:12,29/05/2025,112980,139620,9:45:00,15:55:00,137000,12380,365,28667,2927,0,8424,2166,12600,1500,27680,0,0,0,5.593,0,0,0,0,0,2.986,0,0,0,0,0,0,0,0,0,0,0,0,0,10,6,0,2,0,6,5,8,3,2,,9,7,12,8,13
31/05/2025 17:27:43,30/05/2025,193560,150600,9:00:00,11:45:00,163000,11370,366,22921,5294,0,8323,2140,4177,2000,27347,0,0,0,5.512,0,0,0,0,0,3.07,0,0,0,0,0,0,0,0,0,0,0,0,0,11,7,0,2,0,6,6,8,3,3,,8,7,11,11,12
1/6/2025 16:33,31/05/2025,131760,144600,9:20:00,12:45:00,125000,149400,353,22168,6378,0,8424,3610,3200,350,27680,0,0,0,5.593,0,0,0,0,0,3.781,0,0,0,0,0,0,0,0,0,0,0,8767,0,0,7,0,1,0,8,4,8,5,3,,0,7,26,10,0
2/6/2025 12:14,1/6/2025,98940,75780,6:55:00,7:15:00,17000,145800,332,22316,5822,0,8221,2881,2400,250,26308,0,0,0,5668,0,0,0,0,0,4056,0,0,0,0,0,0,0,0,0,0,0,3627,2,9,5,0,2,0,6,4,6,5,2,,0,7,24,14,6
3/6/2025 15:56,2/6/2025,168180,170880,14:15:00,12:52:00,144000,144000,309,20632,5971,0,7656,3016,1400,150,25984,0,0,0,5.3,0,0,0,0,0,4,0,0,0,0,0,0,0,0,0,0,0,12497,2,5,6,2,2,0,6,6,8,5,3,,7,7,0,17,8
4/6/2025 14:08,3/6/2025,153420,144000,11:50:00,15:30:00,83000,149400,372,20579,6645,56,8424,2888,0,0,26958,0,0,0,5.552,0,0,0,0,0,3.97,0,0,0,0,0,0,0,0,0,0,0,0,1,5,4,0,3,1,6,4,6,5,1,,7,0,24,16,13
7/6/2025 18:22,6/6/2025,31920,145140,13:35:00,12:52:00,90000,7980,319,9992,760,0,8424,2166,9815,1200,27680,0,0,0,5.642,0,0,0,0,0,2.845,0,0,0,0,0,0,0,0,0,0,0,0,2,10,6,0,1,0,0,2,7,2,1,,8,10,21,15,13
8/6/2025 14:08,7/6/2025,95820,162960,13:20:00,14:15:00,77000,14890,365,22337,7270,0,8221,2114,8520,1100,27013,0,0,0,5.562,0,0,0,0,0,2.787,0,0,0,0,0,0,0,0,0,0,0,1496,0,0,7,0,1,0,0,1,8,3,3,,5,10,21,16,13
9/6/2025 12:57,8/6/2025,71340,128760,9:20:00,14:55:00,35000,10990,342,26875,6311,0,8526,2192,5610,900,28014,0,0,0,5.645,0,0,0,0,0,2.931,0,0,0,0,0,0,0,0,0,0,0,2757,0,5,5,0,2,0,0,0,5,4,1,,8,10,20,15,9
9/6/2025 13:53,5/6/2025,54600,72000,5:00:00,4:05:00,92000,0,307,17520,5554,0,4161,1070,11160,1300,13673,0,0,0,5.664,0,0,0,0,0,2.86,0,0,0,0,0,0,0,0,0,0,0,0,0,10,6,0,1,0,6,5,7,4,1,,0,7,15,15,12
10/6/2025 13:35,9/6/2025,163320,172620,11:50:00,8:17:00,90000,10170,357,9066,970,0,8424,2166,7365,600,27680,0,0,0,5.606,0,0,0,0,0,3.066,0,0,0,0,0,0,0,0,0,0,0,3909,0,4,5,0,2,0,6,0,6,4,2,,0,10,19,16,10
11/6/2025 13:31,10/6/2025,139320,0,0:00:00,12:30:00,156000,0,0,7992,1060,0,0,0,6921,800,0,0,0,0,5.531,0,0,0,0,0,3.006,0,0,0,0,0,0,0,0,0,0,0,4941.733,0,5,5,0,1,0,0,0,8,4,2,,9,0,22,12,10
12/6/2025 12:48,11/6/2025,97920,144000,11:15:00,0:00:00,140000,15330,320,6122,700,0,8526,2192,11700,1100,28014,0,0,0,0,0,0,0,0,0,0,0,0,0,0,0,0,0,0,0,0,0,4930.432,0,0,6,0,2,0,0,0,9,4,1,,8,8,20,12,11
13/06/2025 11:58:11,12/6/2025,93960,145200,11:10:00,23:20:00,43000,15160,348,12544,1155,0,8424,2166,11715,1250,27680,0,0,0,5.531,0,0,0,0,0,3.072,0,0,0,0,0,0,0,0,0,0,0,1172,0,0,7,0,2,0,0,0,9,3,1,,8,8,21,11,13
14/06/2025 13:30:53,13/06/2025,166260,145260,8:50:00,14:50:00,132000,7910,354,10999,930,0,8424,2166,10016,1400,27680,0,0,0,5.534,0,0,0,0,0,3.101,0,0,0,0,0,0,0,0,0,0,0,18935.22,2,10,6,0,2,0,0,2,9,3,1,NO REMARKS,7,8,23,10,11
15/06/2025 11:39:12,14/06/2025,132900,145320,9:40:00,14:15:00,92000,12180,317,10382,1260,0,8424,2166,12227,1500,27680,0,0,0,5.524,0,0,0,0,0,3.054,0,0,0,0,0,0,0,0,0,0,0,14925,4,10,5,0,2,0,0,1,7,4,1,,7,8,20,9,8
16/06/2025 13:53:37,15/06/2025,138360,144300,9:50:00,15:17:00,108000,9790,351,10487,1090,0,8424,2166,11602,1000,27680,0,0,0,5.524,0,0,0,0,0,3.054,0,0,0,0,0,0,0,0,0,0,0,8943,2,0,4,0,5,0,0,1,7,3,1,,7,8,21,8,7
17/06/2025 15:37:17,16/06/2025,153540,172740,12:57:00,10:50:00,28000,10570,363,9645,1190,0,8323,2140,10400,1200,27347,0,0,0,5.593,0,0,0,0,0,3.012,0,0,0,0,0,0,0,0,0,0,0,4854.47,0,10,3,0,5,0,0,1,3,5,0,,8,8,16,8,0
18/06/2025 19:22:36,17/06/2025,80460,80160,8:25:00,10:17:00,72000,9900,332,9163,185,5,8526,2192,8685,1100,28014,0,0,0,5.75,0,0,0,0,0,3.05,0,0,0,0,0,0,0,0,0,0,0,8088.678,0,12,4,0,3,5,0,0,7,4,1,,5,8,24,10,5
19/06/2025 18:45:08,18/06/2025,141540,77880,6:05:00,4:35:00,48000,3900,483,6568,125,72,3857,991,10290,800,12673,0,0,0,5.483,0,0,0,0,0,2.045,0,0,0,0,0,0,0,0,0,0,0,3454,0,6,6,0,3,0,0,0,8,3,1,,0,8,20,9,9
20/06/2025 15:48:15,19/06/2025,79560,57600,3:30:00,14:38:00,156000,0,0,6308,155,0,0,0,10170,900,0,0,0,0,5.531,0,0,0,0,0,2.072,0,0,0,0,0,0,0,0,0,0,0,2705.043,0,0,6,0,2,0,0,1,8,5,1,,0,8,20,7,11
21/06/2025 18:27:57,20/06/2025,480,147900,10:25:00,11:30:00,210000,15960,356,9383,660,0,8424,2166,10827,1500,27680,0,0,0,5.781,0,0,0,0,0,2.056,0,0,0,0,0,0,0,0,0,0,0,103622,1,10,6,0,3,0,0,1,7,5,1,,9,7,23,7,12
22/06/2025 13:01:18,21/06/2025,94080,145800,12:35:00,15:13:00,105000,9600,316,9752,730,0,8424,2166,13747,1200,27680,0,0,0,5.677,0,0,0,0,0,1.838,0,0,0,0,0,0,0,0,0,0,0,5185,0,8,6,0,2,0,0,1,8,5,1,,9,8,19,7,10
24/06/2025 18:46:10,22/06/2025,133920,130860,9:05:00,15:06:00,39000,13950,378,9793,565,0,8424,2166,13305,1300,27680,0,0,0,5.621,0,0,0,0,0,1.949,0,0,0,0,0,0,0,0,0,0,0,4546,0,0,6,0,1,0,0,4,8,4,1,,7,7,25,7,10
25/06/2025 18:55:57,23/06/2025,262320,146700,9:05:00,13:25:00,239000,9930,354,9229,785,0,8424,2166,11804,1200,27680,0,0,0,5.468,0,0,0,0,0,3.087,0,0,0,0,0,0,0,0,0,0,0,3216,0,0,6,5,1,0,0,4,6,5,2,,7,8,28,7,12
25/06/2025 19:34:38,24/06/2025,116280,65760,5:30:00,12:10:00,195000,10860,353,0,0,0,7917,2035,10995,2000,26013,0,0,0,5.468,0,0,0,0,0,1.875,0,0,0,0,0,0,0,0,0,0,0,7288,0,10,6,0,2,0,6,1,9,5,2,,0,0,27,6,15
26/06/2025 19:05:31,25/06/2025,129000,69180,5:10:00,6:25:00,80000,0,0,4494,685,12,0,0,12951,1700,0,0,0,0,5.593,0,0,0,0,0,1.875,0,0,0,0,0,0,0,0,0,0,0,13258.06,0,6,7,0,5,0,0,1,9,5,2,,9,7,27,6,17
27/06/2025 19:02:32,26/06/2025,189240,183720,12:40:00,8:28:00,102000,15840,341,7875,822,0,8526,2192,11162,800,28014,0,0,0,5.563,0,0,0,0,0,3.09,0,0,0,0,0,0,0,0,0,0,0,5385,0,0,7,0,2,0,0,1,8,3,2,,10,8,29,6,13
28/06/2025 18:13:48,27/06/2025,152820,197040,13:50:00,16:13:00,138000,17780,349,11049,425,0,12586,3236,8371,700,41354,0,0,0,5.531,0,0,0,0,0,1.9,0,0,0,0,0,0,0,0,0,0,0,3942,0,0,3,0,3,0,0,1,9,5,2,,10,8,25,5,9
29/06/2025 13:34:57,28/06/2025,156720,204000,12:23:00,22:32:00,125000,225000,337,24823,3075,0,12325,4350,12700,500,41687,0,0,0,5.468,0,0,0,0,0,4.137,0,0,0,0,0,0,0,0,0,0,0,1045212,0,6,3,0,2,0,0,0,9,5,2,,0,8,24,5,10
30/06/2025 18:55:34,29/06/2025,113520,62220,4:45:00,8:26:00,125000,73800,396,10124,4544,0,4161,1426,11350,400,13316,0,0,0,5.454,0,0,0,0,0,2.729,0,0,0,0,0,0,0,0,0,0,0,18247,0,8,3,0,2,0,0,4,9,5,1,,0,0,0,7,8
4/7/2025 19:07,3/7/2025,30000,114000,8:55:00,0:00:00,81000,12630,294,4798,291,0,8526,2192,0,0,28014,0,0,0,0,0,0,0,0,0,0,0,0,0,0,0,0,0,0,0,0,0,6242,0,0,8,0,2,0,0,1,3,4,3,,5,8,23,8,7
5/7/2025 15:08,4/7/2025,101280,126000,9:35:00,15:00:00,98000,9760,367,10624,572,0,8424,2166,9675,1300,27680,0,0,0,5.618,0,0,0,0,0,4,0,0,0,0,0,0,0,0,0,0,0,79642,0,0,8,0,5,0,0,1,3,5,3,,7,8,20,9,10
8/7/2025 17:20,6/7/2025,84540,115680,8:29:00,12:00:00,0,149000,386,20860,2798,0,8665,3600,11600,350,27680,0,0,0,5.419,0,0,0,0,0,1.931,0,0,0,0,0,0,0,0,0,0,0,18084,2,10,8,0,5,0,6,9,3,5,3,rice load hoyni,7,9,24,0,6
8/7/2025 18:08,7/7/2025,76140,175620,11:55:00,14:45:00,95000,6840,365,9085,721,0,8424,2166,13470,1500,27680,0,0,0,5.593,0,0,0,0,0,2.737,0,0,0,0,0,0,0,0,0,0,0,2905.19,0,10,5,0,2,0,0,1,4,5,3,,10,9,23,0,7
8/7/2025 19:12,5/7/2025,61260,142200,10:15:00,14:35:00,112000,10080,354,10569,730,2,8424,2166,12000,1700,27680,0,0,0,5.512,0,0,0,0,0,1.954,0,0,0,0,0,0,0,0,0,0,0,12203.37,0,11,8,0,4,0,0,1,4,4,3,,9,7,24,6,8
9/7/2025 19:10,8/7/2025,174120,144000,7:50:00,15:20:00,70000,7060,374,8655,305,0,8323,2140,12262,1100,27347,0,0,0,5.562,0,0,0,0,0,4.037,0,0,0,0,0,0,0,0,0,0,0,30416,0,10,2,0,2,0,0,1,4,5,3,,10,9,14,0,7
10/7/2025 18:54,9/7/2025,138660,144600,9:40:00,15:15:00,98000,6420,366,9056,288,0,8323,2140,13171,1400,27347,0,0,0,5.593,0,0,0,0,0,1.881,0,0,0,0,0,0,0,0,0,0,0,9063.36,0,10,5,0,2,0,0,1,3,5,2,,10,10,19,0,9
11/7/2025 19:00,10/7/2025,248460,147000,8:30:00,13:00:00,100000,6420,368,7819,304,0,8424,2166,8355,1600,27680,0,0,0,5.684,0,0,0,0,0,1.943,0,0,0,0,0,0,0,0,0,0,0,13525.1,2,4,6,0,2,0,0,1,4,5,3,,10,10,24,0,9
12/7/2025 18:32,11/7/2025,203340,145620,6:55:00,15:09:00,127000,11010,357,8580,612,0,8526,2192,12564,1400,28014,0,0,0,5.568,0,0,0,0,0,4.075,0,0,0,0,0,0,0,0,0,0,0,30238,0,0,5,0,2,0,0,1,4,5,3,,8,8,30,0,12
13/07/2025 17:24:59,12/7/2025,162840,150660,9:50:00,15:12:00,136000,7470,358,8650,1113,0,8424,2166,13144,1500,27680,0,0,0,5.677,0,0,0,0,0,1.974,0,0,0,0,0,0,0,0,0,0,0,36072,0,0,5,0,2,0,0,1,5,4,4,,8,8,28,0,10
14/07/2025 17:13:19,13/07/2025,103620,181980,13:35:00,19:52:00,60000,19380,339,11187,948,10,12789,3288,11655,1200,42021,0,0,0,5.677,0,0,0,0,0,1.967,0,0,0,0,0,0,0,0,0,0,0,122780,10,2,5,0,2,0,0,1,7,4,2,"( LALTU) HOBE NA 
SHYAM PADDY UNLOADING",7,7,24,9,5
15/07/2025 18:41:18,14/07/2025,183360,166500,12:45:00,15:10:00,162000,9600,404,9251,413,0,8424,2166,8469,1050,27680,0,0,0,5.593,0,0,0,0,0,4.05,0,0,0,0,0,0,0,0,0,0,0,6313.36,0,10,5,0,2,0,0,0,9,5,2,LALTU CHANGE SHYAM,8,7,24,9,6
17/07/2025 13:35:24,15/07/2025,122820,142620,9:25:00,14:19:00,173000,14550,348,8346,516,6,8526,2192,4725,900,28014,0,0,0,5.531,0,0,0,0,0,3.937,0,0,0,0,0,0,0,0,0,0,0,10030,1,10,8,0,2,0,0,1,9,5,2,LALTU CHANGE SHYAM PADDY UNLOADING,8,8,28,12,8
17/07/2025 18:23:53,16/07/2025,175260,147840,8:00:00,14:55:00,150000,7570,347,8701,812,0,8424,2166,6510,900,27680,0,0,0,5.568,0,0,0,0,0,3.962,0,0,0,0,0,0,0,0,0,0,0,29372.42,0,10,8,0,2,0,0,1,9,4,2,LALTU CHANGE SHYAM PADDY UNLOADING,8,8,26,12,7
18/07/2025 18:30:34,17/07/2025,138600,144780,8:05:00,15:04:00,106000,7200,362,8523,997,0,8424,2166,5496,1100,27680,0,0,0,5.583,0,0,0,0,0,1.896,0,0,0,0,0,0,0,0,0,0,0,18304,0,10,8,0,2,0,0,1,9,4,2,LALTU CHANGE (SHYAM PADDY UNLOADING),9,7,27,12,8
20/07/2025 13:37:37,18/07/2025,201720,78000,4:35:00,12:37:00,39000,145800,328,7615,813,0,8221,3523,3139,550,27013,0,0,0,5.806,0,0,0,0,0,1.806,0,0,0,0,0,0,0,0,0,0,0,13079,0,10,11,0,2,0,6,12,9,5,3,"LALTU CHANGE SHYAM PADDY UNLOADING 
",0,7,25,0,13
20/07/2025 17:35:58,19/07/2025,121800,92280,5:35:00,8:12:00,92000,75600,340,5828,830,0,4263,1827,239B/S(11950),1350,14007,0,0,0,5.718,0,0,0,0,0,3.768,0,0,0,0,0,0,0,0,0,0,0,28265.82,0,10,11,0,2,0,6,12,9,3,3,LALTU PADDY UNLOADING CHANGE SHYAM PADDY UNLOADING,0,7,27,0,9
24/07/2025 18:58:52,23/07/2025,61440,77760,5:50:00,0:00:00,55000,9930,317,4792,524,0,8526,2192,10777,850,28014,0,0,0,0,0,0,0,0,0,0,0,0,0,0,0,0,0,0,0,0,0,10430.14,0,0,3,0,5,0,0,0,9,3,2,LALTU CHANGE SHYAM PADDY UNLOADING,6,8,22,7,7
25/07/2025 18:30:11,24/07/2025,98820,152580,9:55:00,18:58:00,56000,6740,318,11023,115,20,8323,2140,9600,1100,27347,0,0,0,5.645,0,0,0,0,0,3.848,0,0,0,0,0,0,0,0,0,0,0,6213,0,0,6,0,2,0,0,0,9,3,1,LALTU CHANGE (SHYAM PADDY UNLOADING),6,8,17,7,7
26/07/2025 18:29:53,25/07/2025,71280,210180,15:30:00,21:10:00,65000,22600,415,12725,150,0,12586,3236,11444,1000,41354,0,0,0,5.568,0,0,0,0,0,3.937,0,0,0,0,0,0,0,0,0,0,0,9177,2,10,6,0,2,0,0,0,8,4,1,LALTU CHANGE ( SHYAM PADDY UNLOADING),9,8,22,8,11
28/07/2025 13:24:58,26/07/2025,97020,210120,16:30:00,21:25:00,200000,23460,376,12607,165,0,12484,3210,11137,900,41020,0,0,0,5.645,0,0,0,0,0,1.941,0,0,0,0,0,0,0,0,0,0,0,12756.91,2,10,6,0,0,0,0,1,9,4,1,LALTU CHANGE(SHYAM PADDY UNLOADING ),0,8,23,8,12
28/07/2025 18:21:37,27/07/2025,75000,139860,13:50:00,14:46:00,22000,11430,327,9495,196,0,8526,2192,12622,2100,28014,0,0,0,5.55,0,0,0,0,0,1.737,0,0,0,0,0,0,0,0,0,0,0,6797.08,0,7,5,0,4,0,5,1,6,5,2,LALTU CHANGE SHYAM PADDY UNLOADING,7,7,21,8,2
29/07/2025 18:44:24,28/07/2025,112680,96360,7:20:00,12:00:00,161000,12750,419,8724,88,0,8120,2088,13505,1500,26680,0,0,0,5.633,0,0,0,0,0,1.866,0,0,0,0,0,0,0,0,0,0,0,14764.19,0,12,8,0,1,0,0,1,8,5,3,LALTU CHANGE SHYAM PADDY UNLOADING,4,8,20,9,9
30/07/2025 18:32:15,29/07/2025,114240,123180,10:20:00,13:12:00,102000,11940,277,8726,106,0,8526,2192,11550,3600,28014,0,0,0,5.633,0,0,0,0,0,1.866,0,0,0,0,0,0,0,0,0,0,0,22837,0,8,8,0,2,0,0,1,9,5,3,LALTU PADDY UNLOADING,5,8,18,8,10
31/07/2025 18:46:56,30/07/2025,108360,223560,15:50:00,13:45:00,62000,5900,419,9600,165,5,8424,2166,12294,1100,27680,0,0,0,5.674,0,0,0,0,0,1.954,0,0,0,0,0,0,0,0,0,0,0,35280,0,0,7,0,2,0,0,3,9,5,2,LALTU CHANGE SHYAM PADDY UNLOADING,8,8,19,7,8
1/8/2025 17:37,31/07/2025,141960,188820,10:20:00,22:00:00,26000,15960,394,11952,78,0,12586,3236,10896,700,41354,0,0,0,5.688,0,0,0,0,0,1.941,0,0,0,0,0,0,0,0,0,0,0,3882,0,0,7,0,4,0,0,3,6,5,2,LALTU CHANGE SHYAM PADDY UNLOADING,7,8,20,11,9
2/8/2025 19:31,1/8/2025,212640,135000,10:05:00,15:48:00,53000,9930,356,9599,232,0,8526,2192,6798,2100,28014,0,0,0,5.589,0,0,0,0,0,3.947,0,0,0,0,0,0,0,0,0,0,0,12066,2,12,7,0,4,0,0,3,7,5,3,,8,8,25,7,8
3/8/2025 12:56,2/8/2025,122580,134100,10:55:00,10:55:00,160000,3780,328,8166,221,0,8526,2192,8066,800,28014,0,0,0,5.552,0,0,0,0,0,3.872,0,0,0,0,0,0,0,0,0,0,0,7414,0,14,7,0,5,0,0,2,8,3,3,,8,8,25,9,10
9/8/2025 19:49,8/8/2025,13620,144120,8:20:00,12:54:00,41000,8350,354,8419,106,46,8424,2166,10931,600,27680,0,0,0,5.645,0,0,0,0,0,3.909,0,0,0,0,0,0,0,0,0,0,0,0,1,8,6,0,4,0,0,0,9,5,2,,8,9,23,9,7
10/8/2025 11:39,4/8/2025,228960,149880,9:25:00,14:50:00,65000,10980,366,8811,130,0,8323,2140,11360,500,27347,0,0,0,5.599,0,0,0,0,0,4.02,0,0,0,0,0,0,0,0,0,0,0,11794,2,7,7,0,4,0,0,1,9,4,1,,9,8,27,9,7
10/8/2025 15:56,5/8/2025,223260,141000,10:20:00,8:55:00,90000,13380,370,6536,0,0,8526,2192,11550,800,28014,0,0,0,5.612,0,0,0,0,0,1.955,0,0,0,0,0,0,0,0,0,0,0,3707,0,0,6,0,4,0,0,3,9,4,2,,9,9,25,10,8
10/8/2025 16:32,6/8/2025,199260,146160,9:30:00,15:25:00,170000,5660,316,8693,124,0,8323,2140,13635,1100,27347,0,0,0,5.612,0,0,0,0,0,1.875,0,0,0,0,0,0,0,0,0,0,0,8300,0,9,6,0,5,0,0,3,8,4,2,,9,9,25,9,8
10/8/2025 18:42,7/8/2025,88920,140700,9:40:00,15:25:00,22000,8510,324,8645,161,0,8526,2192,12454,1400,28014,0,0,0,5.545,0,0,0,0,0,3.903,0,0,0,0,0,0,0,0,0,0,0,29456,0,0,6,0,4,0,0,1,9,5,2,,9,9,18,9,6
10/8/2025 19:12,9/8/2025,83100,145620,7:35:00,10:15:00,212000,5580,380,7480,0,0,8526,2192,11302,800,28014,0,0,0,5.641,0,0,0,0,0,1.875,0,0,0,0,0,0,0,0,0,0,0,6344,1,0,8,0,3,0,0,1,9,5,1,,8,8,26,8,5
11/8/2025 19:31,10/8/2025,91320,144000,11:50:00,17:35:00,89000,7410,360,10349,0,2.3,8424,2166,7799,600,27680,0,0,0,5.551,0,0,0,0,0,1.787,0,0,0,0,0,0,0,0,0,0,0,10904,0,10,5,0,2,0,0,1,5,5,1,,8,7,15,8,3
12/8/2025 17:51,11/8/2025,139380,136680,7:25:00,15:47:00,117000,4650,310,9374,206,0,8323,2140,5971,700,27347,0,0,0,5.566,0,0,0,0,0,1.946,0,0,0,0,0,0,0,0,0,0,0,4904,0,0,3,0,6,0,0,1,9,5,1,,9,7,16,9,3
14/08/2025 17:35:04,12/8/2025,216120,148980,7:50:00,9:18:00,96000,9630,380,7376,146,28,8526,2192,8250,1200,28014,0,0,0,5.681,0,0,0,0,0,3.866,0,0,0,0,0,0,0,0,0,0,0,27173,0,10,6,0,2,6,0,3,8,5,1,,8,7,22,9,7
14/08/2025 17:58:31,13/08/2025,232080,162000,8:55:00,13:10:00,165000,5220,301,8494,0,0,8424,2166,11302,900,27680,0,0,0,5.562,0,0,0,0,0,3.987,0,0,0,0,0,0,0,0,0,0,0,4844,0,0,7,0,2,3,8,1,8,5,2,,8,7,22,9,9
15/08/2025 17:17:24,14/08/2025,243960,219660,15:10:00,22:52:00,145000,13920,376,13167,0,0,12586,3236,6600,1200,41354,0,0,0,5.645,0,0,0,0,0,1.952,0,0,0,0,0,0,0,0,0,0,0,11967,2,10,6,0,2,5,0,1,6,5,2,,8,9,25,8,7
16/08/2025 17:49:18,15/08/2025,223500,219480,12:30:00,23:20:00,93000,16270,344,12321,0,10,12687,3262,8580,1000,41687,0,0,0,5.677,0,0,0,0,0,1.935,0,0,0,0,0,0,0,0,0,0,0,11020,0,10,8,0,3,4,0,1,7,5,1,,7,9,23,7,9
17/08/2025 17:42:19,16/08/2025,273720,163920,9:35:00,10:53:00,145000,8620,368,8142,0,0,8424,2166,10850,1200,27680,0,0,0,5.603,0,0,0,0,0,1.836,0,0,0,0,0,0,0,0,0,0,0,9071,0,10,7,0,3,4,0,1,7,5,2,,8,9,23,8,9
18/08/2025 17:55:48,17/08/2025,97620,213120,12:20:00,17:05:00,220000,23780,362,11196,0,3.03,12586,3236,10174,900,41354,0,0,0,5.531,0,0,0,0,0,1.943,0,0,0,0,0,0,0,0,0,0,0,62020,0,10,9,0,2,0,0,1,8,3,2,,7,8,22,0,6
19/08/2025 16:11:50,18/08/2025,82320,108000,6:55:00,15:22:00,151000,11190,372,9913,0,0,8526,2192,12189,1200,28014,0,0,0,5.63,0,0,0,0,0,1.881,0,0,0,0,0,0,0,0,0,0,0,29373,2,10,7,0,2,0,0,0,9,5,3,,9,9,26,4,9
20/08/2025 11:40:30,19/08/2025,157020,148740,7:05:00,19:20:00,30000,11740,365,10507,0,0,8323,2140,10416,700,27347,0,0,0,5.468,0,0,0,0,0,1.837,0,0,0,0,0,0,0,0,0,0,0,1224,0,0,8,0,1,0,0,0,9,5,3,,9,9,25,5,8
23/08/2025 12:40:19,20/08/2025,142500,171840,9:50:00,14:48:00,167000,11880,350,9022,0,0,8424,2166,11520,1000,27680,0,0,0,5.682,0,0,0,0,0,1.714,0,0,0,0,0,0,0,0,0,0,0,19911.922,2,10,7,0,1,0,0,1,8,5,3,,9,10,28,11,8
23/08/2025 13:52:48,22/08/2025,173040,231960,12:55:00,22:53:00,148000,20000,389,13357,0,8,12586,3236,4596,1300,41354,0,0,0,5.541,0,0,0,0,0,1.887,0,0,0,0,0,0,0,0,0,0,0,8014,1,11,6,0,3,0,0,1,8,5,2,,9,8,30,12,5
24/08/2025 17:02:16,23/08/2025,2748015,73680,4:10:00,13:20:00,158000,5550,380,8163,0,5.4,6191,1592,5700,1300,20343,0,0,0,5.645,0,0,0,0,0,3.975,0,0,0,0,0,0,0,0,0,0,0,8786,0,0,7,0,3,0,0,1,9,5,3,,0,8,32,11,7
24/08/2025 17:47:27,21/08/2025,198600,226740,13:35:00,19:54:00,102000,16670,357,11905,0,28,12687,3262,9546,2600,41687,0,0,0,5.531,0,0,0,0,0,3.937,0,0,0,0,0,0,0,0,0,0,0,12531,2,4,7,0,1,0,0,1,9,5,3,,9,8,27,12,8
25/08/2025 15:43:20,24/08/2025,222540,202920,11:55:00,17:20:00,178000,13530,362,10815,0,0,12180,3480,8050,600,40020,0,0,0,5.454,0,0,0,0,0,3.945,0,0,0,0,0,0,0,0,0,0,0,4337,0,10,4,0,3,0,0,1,8,5,2,,8,9,29,12,10
26/08/2025 18:30:57,25/08/2025,115620,204540,12:50:00,15:15:00,157000,10990,349,9400,0,0,8424,2166,9996,1600,27680,0,0,0,5.567,0,0,0,0,0,1.954,0,0,0,0,0,0,0,0,0,0,0,4420,1,4,6,0,1,0,0,1,9,5,2,,9,8,25,12,5
27/08/2025 15:40:28,26/08/2025,82680,137880,10:00:00,15:04:00,105000,8370,340,9415,4660,0,8323,2140,11984,1500,27347,0,0,0,5.468,0,0,0,0,0,3.975,0,0,0,0,0,0,0,0,0,0,0,8983,1,6,6,0,2,0,0,2,9,4,2,,7,8,23,11,8
28/08/2025 18:46:49,27/08/2025,97320,117840,8:50:00,14:50:00,165000,8020,345,8714,3942,0,8424,2166,11984,2200,27680,0,0,0,5.58,0,0,0,0,0,1.903,0,0,0,0,0,0,0,0,0,0,0,10216,1,10,8,0,1,0,0,3,9,5,1,,8,8,23,8,7
31/08/2025 11:59:51,30/08/2025,121620,68700,3:20:00,8:45:00,26000,9740,431,3740,4658,0,4060,1044,11364,1400,13340,0,0,0,5.604,0,0,0,0,0,1.952,0,0,0,0,0,0,0,0,0,0,0,174521.63,0,10,6,0,1,0,0,1,9,2,2,,0,8,14.11,11,8
31/08/2025 12:29:40,28/08/2025,136980,136980,8:55:00,14:53:00,142000,7520,344,8571,2611,0,8424,2166,12102,1800,27680,0,0,0,5.433,0,0,0,0,0,1.866,0,0,0,0,0,0,0,0,0,0,0,14160,0,6,8,0,1,0,0,1,8,4,2,,8,8,24,8,10
31/08/2025 13:24:15,29/08/2025,17400,67560,5:45:00,15:15:00,48000,7450,312,8893,3022,0,8221,2114,10695,1100,27013,0,0,0,5.567,0,0,0,0,0,3.829,0,0,0,0,0,0,0,0,0,0,0,9321,0,0,7,0,1,0,0,1,9,4,2,,8,9,23,9,7
1/9/2025 13:17,31/08/2025,144900,105420,6:05:00,8:25:00,11500,0,233,5650,3790,0,4263,1096,10880,800,14007,0,0,0,5.603,0,0,0,0,0,4.012,0,0,0,0,0,0,0,0,0,0,0,9309,0,0,3,0,1,0,0,0,8,2,2,,0,8,22,10,4
3/9/2025 13:00,1/9/2025,130920,146520,9:20:00,6:50:00,13000,7330,366,7104,3166,0,8323,2140,12371,1000,27347,0,0,0,5.677,0,0,0,0,0,3.929,0,0,0,0,0,0,0,0,0,0,0,2370,0,4,2,0,0,0,0,1,10,3,10,,9,8,18,10,3
4/9/2025 11:50,2/9/2025,188100,180000,11:00:00,15:00:00,107000,8250,378,8779,3325,0,8424,2166,8422,1700,27680,0,0,0,5.588,0,0,0,0,0,1.941,0,0,0,0,0,0,0,0,0,0,0,6087,0,10,4,0,0,1,0,0,10,5,4,,9,8,29,9,9
4/9/2025 15:23,3/9/2025,109920,136680,7:55:00,14:48:00,185000,8360,355,8223,3547,0,8120,2088,12083,1200,26680,0,0,0,5.606,0,0,0,0,0,1.875,0,0,0,0,0,0,0,0,0,0,0,73488,0,10,6,0,1,0,0,0,10,5,1,,9,7,26,10,8
5/9/2025 11:48,4/9/2025,223320,151440,7:30:00,15:05:00,148000,9760,371,9295,4047,0,8323,2140,8314,800,27347,0,0,0,5.673,0,0,0,0,0,3.971,0,0,0,0,0,0,0,0,0,0,0,24637,2,0,3,0,1,0,0,0,10,5,1,,8,8,28,10,10
8/9/2025 12:14,5/9/2025,186060,143400,6:05:00,15:02:00,140000,7760,356,9283,4224,0,8424,2166,9244,1100,27680,0,0,0,5.586,0,0,0,0,0,3.937,0,0,0,0,0,0,0,0,0,0,0,19493,0,12,5,0,1,0,0,0,9,5,2,,10,7,31,10,6
8/9/2025 12:34,6/9/2025,31380,126000,7:00:00,10:50:00,47000,5640,425,7089,4658,0,4161,1070,11414,1000,13673,0,0,0,5.604,0,0,0,0,0,1.948,0,0,0,0,0,0,0,0,0,0,0,3154,0,0,5,0,1,0,0,0,9,5,2,,0,7,26,9,6
8/9/2025 13:14,7/9/2025,14820,0,0:00:00,9:20:00,52000,3030,314,5309,3688,0,4161,1070,11104,1500,13673,0,0,0,1500,0,0,0,0,0,3.975,0,0,0,0,0,0,0,0,0,0,0,11327,2,10,4,0,1,0,0,2,4,4,2,,0,7,26,9,4
